label,text
1,當然外觀和內飾了
1,提速很不錯，在路上就是一亮點
1,操控好，越來越順手
1,操控很舒服
1,整車的乘坐舒適度
1,最滿意就是內飾，led燈光，還有外觀
1,最滿意的應該就是底盤懸掛了，開起來過個減速帶震感很小，而且過完的時候車子也非常的穩
1,最滿意的是他的座椅記憶功能，雖然是小功能但是很貼心
1,最滿意的是就內飾了，夠舒適
1,最滿意的算是外觀和整個車的安全構造設計，銷售介紹的氣簾esp什麼的銷售講的蠻多的，覺得比一些其他品牌說的詳細
1,相當霸氣的外形，高端上檔次的內飾，還有舒適的車內空間。
1,空間大、當然就是外觀和內飾了
1,空間大，上路很有面子
1,空間大，動力好，靜音非常棒，操控也十分的棒！
1,空間比較大，外觀好看
1,空間，大，外觀也很喜歡，我90後的朋友都說我應該買年輕一點的車，這車顯老，可是我就喜歡這種穩重型的。
1,純自主品脾能有不遜於合資品牌的表現。內飾用料比較實在。外觀符合國人審美觀點。希望廣汽傳祺能夠把ga8從品質上真正打造成國貨精品。可以打8分。
1,車大氣，空間大，舒適
1,車是真心不錯性價比很高
1,車的外形大氣上檔次，特別穩重
1,那就是這個車的舒適性真是太好了！堪稱完美！超靜音！做過的朋友都說好！
1,隔音避震換擋邏輯外觀大氣上檔次
1,音響很給力，聲音比較清楚，低音炮也很給力，外觀也比較喜歡
1,舒適的空間，沒有異味，只有淡淡的真皮味道。車子雖大，但操控很靈活，開起來穩，輕點油門，馬上上100。最喜歡迎賓座椅功能，很高級很貼心。空調很凍。音響效果真好，聽著音樂開車非常享受！
1,外觀大氣沈穩、內飾簡潔明朗、動力也夠用，我最想說的是配置、配置、配置，真心的不錯挺厚道的
1,最滿意的就是內飾，中控大氣，在用料子方面更是舒適，做工也十分精湛
1,品牌文化&前臉
1,當然m套件，第一次看到就深深的中毒了，在看其他車都沒有正眼看過。再就328的動力了，開起來真的太爽了。
1,配置，有後視鏡倒車翻轉，防炫目，重點是8個喇叭聽流行還不錯！
1,這個毫無疑問，操控肯定是第一位的，車子開起來也是很輕鬆；接著就是m套件的外觀真心帥！讓320i的外觀上了一個台階，變得更有氣質。
1,今天停車，後面一個車子下來一個女的，老是看我這車
1,側進氣口無框玻璃門自動尾翼加速性
1,加速和過彎，變道和超車真心不錯！和朋友的320li比起來我的標軸版更快更穩，車身很隨性比加長版還是要強那麼些的。另外，油耗也要低一些。
1,動力充沛，方向精准，外觀拉風
1,動力隨叫隨到，外形帥氣，尾翼吊炸天，四車門燈帥爆
1,回頭率那是槓槓的，全景天窗，正副可電動調節座椅，無框車門，底盤高度，藍天白雲標，運動模式下提速隨踩隨到。
1,外形時尚、能拉貨，寶馬牌客貨兩用車！
1,外形：無邊框窗，掀背，全景天窗。
1,外觀不錯，空間比較大，2920的軸距，後備箱超大，出去玩可以帶許多東西！特別是我們添了寶寶的家庭
1,外觀動力操控空間都很滿意。
1,外觀和尾翼以及無框門！
1,外觀帥氣、無框車門、裝x尾翼、精准的方向加上bmw進口品質
1,外觀比例協調，不低調也不高調；細節不多不少，剛剛好；天使眼靈動，既凶悍又妖嬈；藍天白雲螺旋標，很好！
1,外觀獨特，無框車門，自動尾翼，溜背造型，進口品質。動力總成平順性很高，低速很穩，高速也有力
1,外觀非常大氣，無框車門，電動尾翼，霸氣的前臉。感覺看著她心裡就美美的。
1,帥氣，空間動力
1,當然是空間跟小眾，電動尾翼尾門都不錯，動力非常不錯，覺得益於變速箱的聰明，懸掛系統感覺非常好
1,無框玻璃，電動後備箱，尾翼
1,無框車門加自動尾翼
1,無框門和小尾翼
1,最滿意的就是無框門，電動尾翼了。
1,最滿意的是外觀，和品牌。全景天窗，無框車門，拉風尾翼，掀背造型。操控性能，巨大的空間和後備箱。相對較高的地盤。總體實用又有面。
1,最滿意肯定是外觀了掀背無框車門自動升降尾翼泡妞裝逼利器.
1,溜背無框車窗全景天窗電動尾翼滿足以上條件的車沒gt空間大
1,空間當初毫不猶豫的下定空間是主要的一部分當然帥帥的無框車門加裝逼小尾翼也是不能少的
1,空間、外觀、油耗、動力
1,空間大，操控性好，無框車門、電動尾翼b格高，舒適度好。
1,空間大，無框車門，自動尾翼，全景天窗。
1,空間，外形，雖然是鈣版，也有不缺實用的配置。
1,空間／外形／油耗
1,自動尾翼，動力足夠，無邊車窗，跨界車。
1,車門、全景天窗、電動尾門
1,造型拉風，溜背，無框，尾翼，全景，7字出風口
1,首先是外形，掀背車的造型，比三系更高更厚重的車頭以及車身。無框玻璃，全景天窗，最最拉風的是寶馬里唯一的電動升降尾翼。
1,品牌效應絕對的，性價比高，操控棒，三大件都屬於同級別的頂級配置，led大燈很炫。
1,剛有小寶寶家用非常適合但偶爾又想風騷一下大溜背無框車窗帥炸天
1,空間，尾箱，外觀。
1,無框車門後掀背自動尾翼外觀吊炸天
1,均衡性，空間大於3小於5，造型略顯別緻又不太過出跳，跑車的溜背加上略高的底盤，是一款均衡的多用途車。
1,外形拉風??小尾翼一百分
1,外觀和動力，外觀絕對漂亮，動力夠用！
1,外觀設計和操控性
1,外觀，動力，空間。
1,好品牌穩操控大空間低油耗高顏值！
1,就是外型果斷就是炫酷屌炸天，無框車門加騷包小尾翼。
1,提速快，穩定性好，空間大，操控完美
1,整車進口，升了底盤就是跟華晨工藝不一樣，無框車門逼格高，電動升降尾翼，丁字褲，這都是我最看重的地方，空間那是大大的有啊，非常給力的後備箱很能裝哦！
1,無框車門掀背尾翼冰河銀配598真的很好看
1,無框車門掀背尾箱小尾翼110速度自動抬起車內空間離地距離駕駛感受，這些都是我最終選擇gt這部跨界綜合車的原因。
1,是繼寶馬5gt的第二款掀背造型的轎車，雖然前臉跟3系li設計基本一樣，但是3gt車頭更高，更顯得穩重大氣，內部空間更大。
1,最滿意的地方肯定是外觀，m套的艾藍，無邊框車窗，寶馬的進口品質。
1,漂亮的尾翼
1,自動尾翼（很拉風），無框車門，全景天窗，b格滿滿的，空間非常不錯，超大後備箱，小眾車，不會爛大街
1,無框車門、尾翼、大後備箱，避震溫柔，坐姿高過轎車低於suv
1,後排空間。無框車門。大天窗。低油耗
1,動力強勁，操控靈活，讓人總有一種止不住的駕馭感
1,動力足夠了
1,hud超級方便，媽媽再也不用擔心我低頭看儀錶盤走神了，動力相對一般2.0t充沛很多
1,m套件和led天使眼，nbt大屏，無鑰匙進入，看到車子的那一刻就心滿意足了哈哈！
1,擼主是一個典型的看顏值勝過看內涵的人，在這個看臉的時代，對小三最滿意的還是：外觀！外觀！外觀！
1,動力.動力.動力.操控.操控.操控！寶馬無需直線3系操控在我心中已經完美！
1,328i的動力不是蓋的！老婆開挺好，空間很好，操控其實我也不懂，比我的明銳好多了，哈哈…（勿噴！）掀背車的後備箱不用多說，如果你想，它就能！
1,外觀拉風，7字形的出風口、無框車門、可自動升降的尾翼、紅色的座椅……
1,外觀，我選配了m套，前臉沒得說，無框車門，自動尾翼。
1,拉風的外觀，騷包的內飾。無框車門，掀背後備箱，全景天窗，自動尾翼，倒七字出風口帥極了。紅內飾，黑鋁，加真皮儀表台，非常棒。
1,ｍ套件啦，外藍紅內，無可挑剔！！五礦車門老婆最愛！！自動升降尾翼，逼格滿滿！！
1,m套完美，紅內完美，裝逼小尾翼完美，其他一般吧。
1,亮騷的埃斯托藍色，無框車門加自動尾翼m套件，見了都說好看；m方向盤的手感和觀感都異常性感，轉向精准用了就放不下；245馬力的動力充足，加速明顯推背感，乘坐空間大，配置齊全，舒適進入非常方便
1,加m，很帥，2米9的軸距足夠坐人，實用性很好。
1,動力，外觀，空間，目前跑了1800公里，整體滿意，市區10個油以內，（小城市很少堵車，正常再8-9個油之間，偶爾會到10個）跑高速的話一般6個油，有一次定速100也跑出過5.1/100km的油耗
1,回頭率還可以，無框門，上檔次
1,外觀和空間，配置也夠了
1,外觀耐看，不怕爛大街。
1,尾翼，無框門
1,無框車門，電動尾翼
1,無框車門，自動尾翼堪稱裝逼利器啊！
1,無框車門，裝逼小尾翼
1,油耗，外觀，動力，操控，都很滿意吧！
1,"空間大，m套撥片看著舒服，亮騷的埃斯托藍色,無框車門加自動尾翼m套件,見了都說好看;m方向盤的手感和觀感異常性感，轉向精准用了就放不下；"
1,車的內部空間很適合我這種身材高大的人士
1,回頭率爆表，哈哈哈。外觀、空間、動力都無可挑剔，無框車門、自動尾翼、掀背外觀、6秒加速、埃藍、m套件、全景天窗等等等等，實在是找不出什麼缺點。
1,基於最新mqb平台打造，尾箱很大，外型犀利。主要是1.8ｔea888發動機這個價位覺得很值
1,外形犀利，很漂亮出！空間比較大！
1,外觀帥氣，理想的油耗，實用的配置
1,必須是犀利的外觀和超大空間，再就是大眾新的mqb平台、第三代ea888發動機和新的變速箱。
1,最滿意的當然是新速派的外觀，白色外觀大氣，線條動感，好多人都說好看，油耗較合理，空間也不不得不說非常大，後排穩坐3個成人一點也不擁擠，動力也很好，超車的時候很有信心，一個人開的時候推背感滿滿的，贊。
1,用料比較厚道。該軟的軟，在就是這車夠大。
1,相對vw而言超高的性價比。相當可以的空間和動力，尤其是那大掀背。帥氣而不激進的外表。全新的平台都令我相當滿意。
1,空間巨大，動力滿意，外觀時尚年輕，造型犀利，配置很高，駕駛質感好。性價比超高
1,騷氣大燈，尤其日行燈，點亮以後絕對焦點，感覺奧迪也弱爆了，一溜光下來沒有小燈珠，並且亮度也高
1,同級別最大的空間，年輕的外形，腰線凌厲，全新動力總成。
1,大！穩重！
1,動力十足，空間大。操控也沒問題。很輕鬆就上手了！
1,動力很好，加速很快。還有就是外觀很洋氣滿意
1,發動機！第三代，ea888，毋庸置疑，進入全球年度十佳發動機之列的經典。和奧迪q5、a4是同一款發動機。這個汽車的心臟已經經過了長時間的歷時檢驗和人民實踐。
1,外形是我最滿意的一點，因為這個車外形成穩，我感覺好有安全感，很可靠
1,開上去很大氣，在年輕人來看開一個a6寶馬奔馳覺得就好牛逼好拉風，但是當你開帕薩特出去的時候會給人感覺低調大氣。
1,操控，方向盤非常精准，電子助力跟輕。動力非常強勁s擋120碼在高速上面發動機基本聽不到噪音。隔音效果非常棒，我在裡面嗓子喊啞，外面都聽不到。
1,最滿意的，是油耗，剛從車行出來，平均油耗顯示為15升，嚇我一跳，後來加油後上高速就一路降到了5.8，好爽。
1,流線型的外觀，讓人垂涎三尺，商務氣場很濃，開這車會讓人聯想到老闆什麼的，精乾的腰身，更是充滿了活力。
1,空間尤其是後排大，後備箱也大，外形穩重兼時尚，內飾雖中庸，但是非常耐看
1,空間很大，兩個大人，兩個小孩坐後面無壓力。這真是我的需求。
1,空間非常寬敞，提速快超車無壓力。
1,車內空間非常大，適合全家出遊，做工很好，配置比老款的略有提高，但是中控大屏幕跟手機一樣大有點說不過去了。
1,車的空間充足，並且噪音小，關上窗戶，外面的人說話都聽不太清楚
1,這款車的空間很大，外觀穩重，開出門很有面子
1,這車對比其他車顯得成熟一點，黑色內飾商務，米色內飾家用比較好，畢竟米色內飾不好打理，不建議選棕色內飾，比較汽配城的風格。
1,外觀大氣，主副駕電動調節，空調制冷效果非常棒！
1,1.8t御尊版，動力強勁，滿足自身需要，乘坐舒適性不錯，上街很有面子，回頭率很高，配置全，週末和朋友出去玩，朋友都說好，小小的滿足了下虛榮心
1,一直都喜歡德系，到4s店進門右邊就看見小帕，一眼就被他迷住了，外觀非常喜歡，然後就進去坐了下，進去第一感覺還不錯，後排空間非常長寬
1,中段加速能力；
1,"做工精細,渦輪介入後動力強勁,空間極大,家用很舒服."
1,動力充沛，開起來不費勁，空間寬敞，家人坐著不憋屈。
1,動力，因為我是家用選擇1.8t，起步加速游刃有餘，比我以前的xx車好多了（非激烈駕駛習慣）
1,外觀大氣、動力就是1.8t中的王者、操控很靈敏
1,外觀大氣，給人一種衝擊的視覺感受，內飾繼承了大眾的簡約又不簡單
1,對現在動力比較滿意，330tsi的新款發動機，油門踩下去感覺比較輕，車子一下子就出去了。
1,應該算是動力吧，從1.6的緊湊車型跳躍到300nm的1.8t，內心的滿足感已經不用說了。
1,開出去特別亮眼，外觀大氣，讓人看上去有種官場的氣息，畢竟帕薩特已在中國官場橫行多年。更好的是新帕小改動牽連加了鍍鉻條流線分明更顯得年輕。在同級別車里油耗算低的，發動機啓停更顯的有節油設計感。
1,很平庸的一個車，代步家用吧。實在想不出最滿意的地方，額，可能因為米其林的輪胎，車內很安靜，有的時候要搖下窗戶讓外面的聲音傳進來，聽聽周圍是否有車輛。
1,最滿意的應該給空間吧，家裡人都乘坐了都說空間大，很自豪，沒有理由不推薦空間。還有就是老婆很高興，自豪地說以後再也不用開別人的車回家了，終於開著自己的車回家了！
1,最滿意的肯定是外觀了，大氣時尚，當然配置也非常豐富，駕駛起來舒適安靜。居然還有腳踢開啓後備廂、和並線輔助功能，這倒真算是意外之喜。比之家公佈的車型配置多。
1,沒有明顯的短板就是最滿意的一點！
1,神車嘛！動力和配置
1,空間不表述
1,空間嘍，空間大坐起來舒服。外觀大氣硬朗，新款前臉真心好看，內飾做工精緻。高科技配置比較全也都是有用的。
1,空間大的不要不要的。
1,空間！前排後排空間巨大，180cm駕駛位置調好了頭部有很充裕的空間，後排完全可以翹二郎腿。
1,記得好像在論壇里看到過，大眾車的優點是沒有缺點，硬說缺點是沒有亮點。如同題目，開著有面，舒服，放心！
1,配置豐富，該有的都有了。
1,整車設計更顯年輕，輕盈的方向盤，即便是女孩子也可以輕鬆駕馭，配合前後雷達，倒車影像，很方便～空間動力完全可以滿足日常使用～
1,新款路上少，回頭率高，換了三代發動機，希望問題變少
1,空間外觀前後雷達電動記憶座椅（特別是腰部支撐）盲區監測後備箱感應、後視鏡自動折疊、倒車時自動下翻讓我更清楚地看清地面情況，對新手有大大的幫助。
1,1，外觀一如既往的美。2，空間一如即往的大。3，動力一如既往的足。4，油耗在同級車里不算太高。相比蒙迪歐，邁銳寶。君威要省得多。滿意點多的一塌糊塗。就不多少了。論壇里也有！
1,配置豐富，想要的都有，空間大，裡面真皮座椅坐起舒服，中控漂亮，開起車很安靜，噪音很小，駕駛很享受。
1,因為他叫帕薩特，我喜歡了10年。
1,車頭引擎蓋很有力量尾燈漂亮，電動座椅記憶功能方便，老婆和我一個設置一個記憶，後排帶獨立空調前面中控可以鎖止後排空調很方便控制。
1,一定是它的性價比和巨大的空間！
1,乘坐空間大（b級車應該前三），動力1500轉以後感覺源源不斷，電子科技設備比較多，長途能夠讓人比較輕鬆駕駛
1,低調不張揚，同時，品質不輸大眾同級神車，超大後備箱可以當貨車，實用！
1,外形和配置吧這兩點我最滿意很多配置超級實用最喜歡自動大燈、自動駐車、自動雨刮幾項功能，讓開車這件事變的真的很簡單！
1,外觀、配置，氙氣大燈，18寸大腳
1,外觀不錯！最滿意的應該是炫背的屁股吧！
1,外觀大氣，動力充足，油耗適中，空間夠大，貌似不止一點...
1,性價比高，後排座位寬敞，大，蹺二郎腿都可以。後備箱很大，能裝，這是我最喜歡的，1.8t在渦輪介入後提速很快
1,性價比，高高高
1,最滿意的就是動力和空間了。
1,氙氣大燈、18寸大腳、車頭犀利，整車外觀實在是太漂亮，開到外面去，回頭率超高，空間更沒得說，太大了。
1,空間與操控，寬是第一直覺，試駕後dsg感覺升檔銜接還是很順的，無頓挫。畢竟是偏商務的車，方向盤很軟。
1,空間大，後排坐起來很舒服。後備箱的容積比起suv也小不了太多
1,空間那個是相當的大、大、大！好事說三遍……我平時愛好就是水庫垂釣，裝備一大堆，這個後備箱輕鬆裝下……
1,空間，看過的人都會被速派的乘坐及後備箱空間所折服
1,舒適度很好。還有就是動力，隨傳隨到。空調很給力，座椅加熱功能很好，媳婦很喜歡。還有就是電動調節，比媳婦的高爾夫手動調好多了。哈哈！！
1,超大的後備箱及車內空間。
1,一點都不夠說，最滿意的就是大空間、外觀時尚
1,:外形，掀背後備箱
1,較上一款速派至少年輕了10歲，款式很年輕、很運動，深深吸引了我，古堡褐色非常漂亮，大氣顯檔次。18寸的大輪轂使得底盤高了一些，不錯。還有就是大掀背後備箱很實用。最滿意的實在是太多了，呵呵。
1,1、空間大。2、配置相對同級別較高。3後備箱空間真的很大，日常使用絕對沒問題。4、自動大燈對於懶人來說完美，可以自動切換遠近光，根據外部光線可以調節照射角度。
1,空間夠大，動力夠帶勁，做工滿意。
1,心念已久的l6，果然不同凡響。
1,新款維加斯黃太漂亮了，開出去都認為是進口車，哈哈^_^
1,成熟、扎實的品質
1,沒開過太好的車，這個不錯了。畢竟也是奧迪的嘛
1,外觀霸氣，省油
1,cvt很平順很安靜動力線性油耗很經濟
1,買了白金色的，年輕人開靚麗陽光，內部空間大，個人開家庭用都好，保證空間的前提下整車線條又高度和諧
1,減震靜音效果在這價位很不錯，16款舒適無鑰匙進入，前排加熱，真皮座椅這些都有了，個人感覺德系車這個價位這些配置還都有了，還是物有所值的。
1,動力，2.0t的的動力超車什麼的表現很好
1,無鑰匙進入系統和一鍵啓動功能
1,最滿意的一點應該是舒適了，懸掛還是偏軟的
1,最滿意的應該就是外觀了，尾燈實在是太帥了，奧迪燈具廠名不虛傳！
1,空間大，動力夠用，油耗比較低。
1,舒適度很好，豪華品牌有面子，油耗給力。
1,車內空間，已經人性化設置，內飾做工非常好
1,車子的經濟性和它的駕馭感，不得不說還是給了我很多的驚喜
1,外觀外觀再外觀，這是我最滿意的，尤其是這款白金色的，大愛啊！
1,外觀實在太滿意了好看到爆根本把持不住每個角度都很滿意
1,舒適性和整體外觀！經典耐看！街車是街車，但也從側面說明瞭它的設計的成功！
1,無疑是它漂亮的外觀以及銷魂的尾燈，尤其是漂亮的側面後45度，以及怒視的雙眼，b級車中堪稱顏值擔當一點也不為過。加之空間也夠大，這也是我最終拍扳的原因。
1,加裝了倒車影像，還有前後雷達，對於剛拿本本的新手來講太實用了！
1,品牌和安全感
1,品牌和開起來的質感
1,嗯，燈不錯，就衝著這個買的。基本配置還可以吧，能跑起來，還能載人，這樣基本功能都滿足了還是可以的。
1,外觀吧，前臉比較喜歡。後排空間和後備箱空間也滿意
1,外觀吧，屌絲喜歡的就是a4的外觀！日行燈叼暴！雖然說現在a4爛大街了，車型也很多年了，但是外觀確實來說，還是排的上名號的！
1,外觀好看，年輕有活力，年輕人開最適合不過！而且行車燈非常霸氣，小翹臀也很有feel??，出差外地接客戶接領導也倍兒有面兒，
1,外觀時尚大方，油耗比較低，雖說我路況較好現在兩千兩百公里表2顯示8.2，估計我之前雪鐵龍世嘉1.6手動也得接近8升百公里吧。
1,外觀這是毋庸置疑，特別是奧迪的日光燈，是最吸引我的一部分。
1,外觀！！！整車線條非常漂亮，從各個角度看都滿意！大愛日間行車燈，傲視其他任何品牌！
1,外觀，性價比。
1,外觀，油耗，日行燈
1,大改款的a4l馬上上市了，所以16款的價格比較公道。
1,當然是外觀啦，2016款改款的鍍鉻狂魔外加新款的日光燈，犀利而又時尚。
1,懸架的舒適感，配置實用，無鑰匙進入一鍵啓動略顯逼格。
1,換代期間，增配了很多實用配置，價格也很實惠。7月換新款了，年底出的典藏版標準上了很多舒適配置，如一鍵啓動、無鑰匙進入、後視鏡折疊、自動大燈自動雨刮、外觀鍍鉻件都很實用。電子手剎和自動駐車也非常方便。
1,方向盤轉向精准電動折疊後視鏡動力夠用座椅舒適一鍵啓動無鑰匙進入空調制冷比較快操作屏幕顯示流暢
1,最滿意肯定是價格，雖然有人比我買的還便宜但這價格我已經很滿意了。這車就是中庸～面子裡子都有了了。沒有明顯的優勢也沒有硬傷。（燒機油～那不得看命嗎……不是每一輛都燒的）
1,用車2個多月感覺2.0t動力足夠用，運動模式下有推背感。cvt變速箱換檔平順不會有頓挫感。
1,空間大，每次出去後排都是三帶一（三男一女）。。。樣子好看，開起來挺舒適，動力中規中矩。。天天開堵死的市區12個油還比較滿意。。
1,車子很舒適，外觀好看，動力也可以！
1,選擇他最滿意必然是外觀，相信大部分奧迪車主都是一個理由！商務用車的首選吧！性能在同級別也不錯，看怎麼開了
1,奧迪a4給我的感覺是車比較沈穩，不管是過坎還是比較顛簸的路都能過濾的比較穩（雖然不是乾淨利索但也不是那種坐船的感覺）給人的感覺還是比較舒服的。
1,行車質感，也就是通常所說的高級感確實比較強，而且白金色在陽光下確實很漂亮！開起來感覺很輕快，地盤很穩、很整！
1,外觀很拉風，油耗也比較滿意，舒適性不錯，雖然已經好幾年沒有換代，這次全新換代自己沒有等待，但是各方面都性價比非常高。
1,性價比高，經典穩重
1,最滿意應該還是外形，很早就留意這款車，日間行車燈很漂亮，不愧燈場出品。
1,運動模式下、動力非常好，
1,外觀高大上，動力充沛舒適性好
1,奧迪的逼格，2.0t的動力
1,當然是顏值啦，第一眼就被q3的外觀所吸引，就是這麼外協。全景天窗還有電尾門都很拉風，喜歡的不行
1,提速非常快，燃油經濟性很好，車身通過性很好。車身不大，在會車，倒車，進入狹窄的路段尤其是地下車庫進出的時候可以體現出靈活性，誰用誰知道。
1,最滿意的就是動力系統了！2.0t非常給力！內飾做工也不錯！電動後備箱是亮點！非常實用！再者就是奧迪的車燈，不得不說是真心漂亮！晚上燈光效果非常漂亮！
1,油耗稍高，空間一般，動力和操控不錯
1,滿意當然是他的外觀和無框車窗
1,品牌、外觀、內飾、動力、操控等都還好，各方面都比較中意。非要說最滿意的，那還得說品牌。奧迪加一汽，就國內這個市場，基本上算頂級了。（你要買進口純當我沒說）
1,2.0t，1.6噸的suv，在重慶這麼個上下坡多的地方，大夏天開著空調上下班高峰期，油耗控制在9l內，除了q3，還有誰做得到，動力還不疲軟。
1,2016改款外觀升級很合我胃口，風格接近我喜歡的r系列，電尾門、35動力很足、隔音好、高速感覺比q5更貼地。
1,動力給力，2.0的動力超車加速一點都不吃力，外觀大氣，霸氣的車頭漂亮的屁股，必須給個贊，內飾工藝精良，無論是座椅還是方向盤都挺不錯的，操作感特好，方向盤是我試駕的車里最輕鬆的
1,動力，因為1.4t和2.0t價格上只差了9000塊，聽銷售的建議直接上了2.0t的，加上購置稅的多的1萬，2萬塊花的值！
1,各方面表現均衡，性價比高
1,老婆滿意就是最大的滿意
1,空間和後背箱肯定是最滿意的地方了。中控的豐富性和靈敏性完全超乎想象。
1,外觀穩重大氣，官車商務氣息濃厚。家用綽綽有餘，比較適合38歲的年紀。車子行駛起來平穩，空間很給力。用女兒的話說，這車真寬敞。
1,最滿意就是性價比
1,沒有什麼意外之喜，全部搞完25.5萬左右，稅和保險還是自己搞定。
1,空間大，後備箱放東西方便。後排空間大，坐過的人都說舒服。動力足，高速超車很給信心。
1,外形、空間、動力、高科技、等等！高速定速巡航加acc前方有車自動減速！高回頭率！
1,外形，加速，操控，功能全，空間彈性。原來的b6邁騰進化到b8新邁騰，越來越長，越來越笨重，越來越舒適，操控和加速精髓全無，變成了面子車。
1,外觀與動力，外觀修長有力。動力隨叫隨到。城市跟車不費勁有acc，高速巡航＋acc不要太舒服了
1,配置較全，操控便捷，舒適安全，空間夠大。
1,儀錶盤全液晶屏。帥到沒朋友
1,空間大，夠低調
1,外形是比較完美的，其次是配置，電動吸門
1,作為歐版帕薩特的旅行版，空間自然是最大的亮點，除了軸距比國產邁騰短一點（無傷大雅），後備箱空間完暴邁騰；2.0t的動力350牛米，220馬力，動力槓槓的，內飾做工細膩，新車毫無異味。
1,底盤高度還行，車內空間夠大，性價比挺好的一款車
1,acc開高速不要太爽。告訴油耗可以，
1,動力特別棒，雖然以前開五系感覺不錯，但是同樣2.0t機器，這個變速箱控制好點，感覺動力源源不斷，開高速很舒服，提速沒有遲滯性，這個價位的車都開過，這個新款蔚藍確實超出我預料。
1,動力足，起步穩，全景天窗心情好。
1,外觀，內飾，空間，配置，加速，科技，人性化設計都很滿意
1,空間，外形，操控也是很不錯的，特別是全液晶儀表，實在是太贊了
1,加速吧，新款ea888發動機，動力強油耗低，特別適合，轉向靈敏
1,動力充沛，空間佈置合理，靈活控制，能滿足家庭用車需求。
1,動力和操控，以及一直以來開大眾車不用花時間換腦筋就能上手的體驗。
1,提速快，空間設計合理，全系標配電動門，大天窗，自動啓停，autohlod！最後這個配置國產邁騰高配才有。
1,空間空間空間，重要的事情說三遍
1,都很滿意，到現在沒有發現不滿意的地方，空間很大，動力十足，全景天窗很好看的，可以躺在車里看藍天白雲，也可以看星星月亮
1,：空間和操控；
1,視野好，空間靈活，科技感超強，該有的都有了，車寶馬沒有的也有了，如acc、車聯網等等！還有靜音效果應該是mvp中最好了，非常強大可靠！
1,起步快，空間大
1,都滿意！！！！
1,限量暖心紅，大氣穩重耐看；空間適合二寶家庭的出行需要，安全配置高
1,232的座椅佈局
1,動力很好，提速，換擋都很好，而且後備箱還很大，裝東西特方便
1,動力很猛，30萬以下的車欺負不了咱，空間大，全景天窗很給力……，轉向很輕便，狗牌每個座椅都有安全isofix座椅接口，尾燈跟炫，車聯網很方便，逼格很高
1,後備箱夠大，能裝很多，7座也很實用
1,很喜歡這款顏色
1,德國品質，用料扎實，具有強烈安全感
1,整車工藝精良、空間寬敞、動力強勁、外觀耐看、性價比高，二孩奶爸必須的！！！
1,空間廣闊，動力充沛，操控靈敏，安全配置完勝同價位轎車、suv和mpv。
1,空間較大，特別是第三排位置相對其他七座的suv來說最為滿意，對於175左右的成年人完全沒有壓力。
1,限量版的藍色很贊
1,剛提回來，各種滿意。
1,動力、空間。
1,動力很滿意，380動力說來就來
1,發動機，動力源源不斷，隨叫隨到
1,大空間，可變座椅，2.0動力充沛，操控靈敏。
1,空間、內飾等等除了價格其他都非常好
1,空間大，家裡人多都能坐的下
1,空間巨大和底盤沈穩
1,空間很大，動力強勁。
1,視線好，全景天窗，價格實惠，pp零利率的分期很棒，感覺負擔不重，首付17萬就全下來了
1,超大空間
1,車內空間靈活多變，多種坐立和放倒的組合，座椅折疊開啓都非常方便，尤其是進入第三排時候，第二排座椅向前折起簡單快速，能體現出德國人研究機械如何更好服務用戶的理念，即便女主人也能輕鬆完成所有座椅操作。
1,車子大，中庸造型，耐看，且適合家用，是全家出門的利器
1,這款車，讓我滿意的一點就是它的空間很大，當然一款mpv的基本就是要空間夠大，操控是完全ok的，很靈敏，車子的動力也是很不錯的，足夠用了。
1,：進口車，沒有什麼氣味；或者說氣溫不是很嗆人。中規中矩的套娃車，低調。
1,外觀大氣，空間大，皮實，他車輪底下就是路
1,大，坐著的感覺，減震挺好，不軟不硬。
1,操縱感覺良好，崎嶇山路控制性極佳，沙漠里差速鎖表現良好，個別情況下超過猛禽。
1,視野好，耐操
1,開這車很有安全感，等紅綠燈居高臨下的感覺，看小車車頂，地板油風扇聲音好聽，隔音做的很好
1,酷路澤這種車可靠耐用！
1,什麼都滿意，尤其是大氣、空間大。
1,不愧是燈廠
1,內飾和電子系列，很先進。
1,同等價位中性價比高
1,外形霸氣，內飾科技感很強。
1,外觀很靚，回頭率很高，保養免費送三年6萬公里很實惠，優惠力度也很大，動力只能說是夠用，內飾高大上，比一般同檔次的品牌要好出很多，led大燈很亮。
1,必須是科技感了，儀錶盤全液晶，各種切換各種炫酷，暫時真的是沒sei了。
1,油耗低，我曾經拉著兩個人在郊區跑出過7.8個油。
1,科技感十足，舒適度豪華感不差
1,科技感強、全數字駕駛艙很贊、車身車內燈光很贊！
1,車內科技感十足！手機連接車內無線！使用藍牙連接媒體！聽歌是哪嗎隨心所欲！
1,車的內飾和操控性很棒，空間也挺大
1,還是科技感吧！帥爆了，油耗也很低，駕駛體驗很不錯！高端大氣上檔次^_^
1,動力確實是最滿意的地方
1,動力足啊！馬力絕對夠用！只是目前磨合期內，不敢地板油，最近半地板油了一次，我操！好棒！！！
1,車燈是征服我的重要一點，不愧是燈廠出品，日行燈大氣，動態尾燈動感十足
1,高功率發動機真的非常好，加速快，油耗令人滿意，高速8l/100km，市區11l/100km；整車外形精緻，led流水燈讓人心情舒暢；無鑰匙進入和一鍵啓動十分便捷。
1,上街回頭率不說百分百也要百分之八九十
1,動力有驚喜，操控有信心，進口車做工好
1,外形酷炫，性價比高。
1,大燈尾燈，不愧奧迪為燈具廠。
1,本人妹子一枚很喜歡這款車，其實就是他的外觀吸引我了。超愛！
1,車內很靜駕駛過程中很享受
1,車燈最滿意很漂亮
1,性價比高。操控不錯！
1,":動力足,加速快。"
1,"在德系里性價比很突出,比較適合工薪族，雖然有些爛大街，但也是證明瞭人民群眾的眼睛是雪亮的，大家說好才是好。"
1,地盤過坑感覺舒適，駕駛輕鬆，靜音度不錯。
1,坐姿高，外觀耐看，做工優良，全時四驅更安全，而且馬路牙子想上就上啊，2.0t動力也不錯，扭矩大
1,外掛，品牌，做工，動力，底盤，價格都滿意。非常喜歡。
1,外觀氣派，符合我們家的審美觀。
1,外觀穩重大方，經久耐看。在豪華品牌中，性價比高。
1,大大的全景天窗是我最滿意的。2.0t的動力，表現的也非常不錯，跑了一萬多公里，越來越愛不釋手了。爬個盤山路，完全沒壓力。
1,奧迪外觀還算可以吧，中規中矩，2016款日間行車燈還是比較犀利的
1,當然是外觀和性價比了比較過x1x3glc銳界昂科威綜合價格品牌外觀內飾最終還是選擇了q5
1,性價比非常高，35萬左右的suv，同時擁有2.0t高功率發動機、8速zf變速箱、quattro全時四驅、全景天窗、遠近光雙氙氣大燈、電動後尾門的車，只有q5！
1,性價比，外觀，成熟，這麼多年的車型了，小問題基本都解決了，很成熟的車型，16-17款都值得擁有，三大件，不多說。
1,用料厚道，當時上了架子一看，懸架都是鋁合金的，底盤很工整，一點也不凌亂
1,用車過程最滿意的莫過於動力了，之前開的1.6的polo那是怎麼踩都跑不快，現在一點就能出去輕輕鬆松跑了一百左右。再也不用擔心被秒殺了。
1,純機械式中差，動力線性分配，同級別suv中獨一無二，跑高速、山路十分穩健；
1,車燈漂亮，綜合性能穩定，小毛病較少。
1,動力強勁，方向精准，四驅系統很穩定，底盤調教出色。
1,雖然已經是6年的老款，但是外觀還是很不錯，尤其是燈光比較奪目。這是最吸引我的地方。
1,大氣的外形，看起來就是一輛好車！滿街都是白色q5，在一個側面也說明瞭這個車型得到了大家的認可。另外，保有量大，維修方便、便宜。開上之後確實感覺很有檔次。
1,動力和外觀了，雖然車型比較老了，但是總體來說外觀還是比較大氣，動力也很不錯，最喜歡的就是zf的8速變速箱
1,油耗比想象中的好太多，畢竟1.9t的重量，現在百公里油耗越來越低，只有9.5左右，非常滿意。另外，車輛靜音效果非常不錯，不管是怠速狀態還是高速狀態，都非常滿意。
1,動力方面最讓人滿意了，其次就是隔音效果也不錯，跑起來很穩，不像霸道似的有一種搖搖晃晃的感覺
1,奧迪的品牌，前面看上去虎式沈穩穩重大方。
1,最滿意當然是特別版的外觀了，20寸quattro輪轂和sline的運動套件，外形堪稱完美。
1,20000公里的使用沒有出現大的問題；
1,內飾科技感十足，外觀更加年輕，新款操控更好
1,在同級別的suv裡面應該算是性價比比較高的了，說白了，就是便宜。
1,"外觀還比較時尚，大氣，內飾做工在bba中屬於中等，不錯,至於ea888發動機，我這台第三代的還沒有出現燒機油，漏油的，配上zf的8at，動力總成的輸出還不錯，滿足日常一切駕駛。"
1,它的外觀很喜歡，燈很漂亮。動力強勁，隔音效果很不錯。
1,很滿意空間，家用很理想
1,性價比高今年資金週轉比較大選車只能從這個級別選了q5優惠加上活動沒想到裸車能拿到這個價格
1,性價比高，全系統一高功率發動機，外觀漂亮，大燈，尾燈都很滿意（燈廠出品必是精品）
1,提速快，安全配置高
1,最滿意的地方油耗和動力吧，油耗我在外環跑到過8.6，現在動態15個油我比較費油，一搬的話也就10個左右
1,空間大、舒適度很高、內飾很漂亮
1,視野開闊，配置齊全。通過性能好。動力儲備較足，超車無壓力。b&o音質挺好的
1,空間大做工好
1,奧迪經典的外觀！整體的性價比，明年面臨還貸所以這款q5目前是最值得入手的時期。
1,舒適版，b&o音響效果震撼！無鑰匙進入和啓動方便舒適，外觀圓潤符合中國人的審美。動力儲備充足！
1,mmi系統讓我很滿意，感覺有人車合一的feel！無損音樂在行駛過程中更加舒適駕駛，對女孩來說更瞭解車況
1,外觀和同等價位較為領先的配置。
1,顏值超高，內飾科技感強
1,買這車還是衝著他的外觀吧，比cls來的陽剛一些
1,俊朗而溫潤的外觀如一襲白衣的翩翩少年
1,全時四驅是次款車的最大看點，雖然真正越野還力缺外，單單自駕游足足夠夠的。另外奧迪的做工也越來越耀眼了，比十幾年前的奧迪用功了幾倍，雖然還是朔料當家，但確實用功了。
1,全系標配全景天窗，電動尾門，全時四驅。led大燈，好風騷的感覺！
1,動力足2.0t做到這個程度很贊操控很贊
1,圓潤的屁屁
1,外形讓我著迷
1,外觀和尾翼和內飾後備箱
1,外觀不再說無框車門電吸電尾
1,外觀吧，不敢說80w裡面能買到最好看的，只能說2.0t的車裡面最好看的吧
1,外觀簡約時尚大氣，車燈很炫酷有木有！尾翼夠銷魂的，相信大部分人買a7都衝外觀來的吧。後備箱空間特別意外，足夠大啊，可以放好幾個行李箱。
1,外觀，動力，比家裡的2.5a8強多咯……
1,奧迪品牌性價比毋庸置疑！外觀亮眼，操控精准，乘坐舒適！加速快，高速穩，大燈漂亮，油耗比想象中低！
1,必須是外觀控，回頭率。尾翼升起來有種百萬級別轎跑的感覺。
1,無框車窗，電吸門，電尾門
1,最滿意的就是操控性和舒適性了駕駛座和後排都特意留心了，都很不錯，現在看慣了suv，視野好，覺得開小車壓抑了。
1,汽車品牌和外觀造型
1,流線型車身，性感翹臀，熏黑尾燈，棕色內飾其實最喜歡，動力對我來說再年輕5歲，就確實很重要。
1,測試測試測試測試測試測試
1,目前最滿意換擋，沒有拙頓，還有bose音響吧，比之前的a4好多，還有無框門，尾箱挺大的，
1,雖然4缸發動機，2000轉以上動力還可以，尾翼裝逼神器，外觀拉風沒話說
1,車子外觀
1,車窗搖下來，門打開是最酷的
1,降下車窗，打開車門下車那瞬間，b格爆棚，大愛
1,"動力在同級別suv中屬上層,曾經在4s試駕,開空調的情況下,推背感還是很強烈的.期待關掉制冷後的感覺.等車出了磨合期之後再試吧."
1,當然是拉轟啦，電動尾翼溜背造型無框車門犀利眼神…
1,外觀，前後燈
1,採孚8速變速箱換擋平順快捷
1,全系標配全景天窗，nice啊！7.2s的百公里加速使我感覺動力很不錯，方向盤很靈活，電動尾門也很驚喜。
1,眾所周知動力是很足的，224馬力加8速變速箱配合的非常完美外加四驅起步還是可以的，開起來感覺非常穩。還有就是隔音，100一下的噪音可以忽略不計。
1,屁股屁股屁股，重要事情說三遍，屁股的線條燈光真的很銷魂，還有無邊車窗也帥的一筆，駕駛儀錶盤有電腦版眼前一亮
1,新款的2.0t發動機255匹馬力的出色表現。
1,家用商務都可以，不出北京續航足夠，不限行，免購置稅，補貼10.8萬，很爽的感覺啊！
1,懸架減震好，行車噪音低，養車成本低，續航很滿意。
1,續航~除了特斯拉就是比亞迪的e6續航最遠了~
1,續航、空間
1,續航里程長，空間大，坐姿高視野好，操控準確，高速穩，整體做工在國內電動車市場處於較高水平。
1,自己安裝上充電樁，跑著非常方便。車大，看著舒服。續航還可以，綜合路況不開空調300公里左右吧，北京室內足夠，偶爾跑個延慶密雲也沒壓力。
1,行駛成本低廉，即使現在暫時還用著公共充電樁
1,起步快，高速穩，費用省，坐椅寬
1,空間大、提速快
1,對新手來說車輛的操作性很好，提速快但不急促
1,車價不低，運行的成本比油車還是好多了。
1,續航還可以，能放心的在全北京郊遊。
1,用車便宜，用電，如果自己有充電樁樁的話很便宜
1,最滿意的是車子的平穩性，採用獨立懸架使車子的減震系統感覺非常好。卡片式的鑰匙設計的也不錯。放在口袋里就能自動感應開車門，開車門時永遠不用翻兜掏鑰匙。
1,車子的外觀是我喜歡的，特別的越野，特別的野性，男人要的大動力大空間，可以撒歡的車，就是北京。
1,回頭率高！底盤高！坐姿高！通過性好！
1,感覺是很霸氣的，也算是男人喜歡的性能高越野性好的一款吉普，而且這個價位也很不錯，性能配置都蠻可以的，尤其是它的這個發動機的動力太刺激人了。
1,空間大，視野好！外觀霸氣！
1,絕對的是個性張揚的，也是顏值爆的與眾不同的款，它的霸氣的外觀時尚而有野性，硬朗的線條更讓人有征服感，動力和空間還有安全系數都是很科技的。
1,視線好，車身夠重，像開坦克一樣的趕腳
1,車輛外觀
1,這款車給我最大的感覺就是車子開著穩，通過性不錯，操控非常精准。買這車時我著實觀察了好長時間，發現這車子還是挺有優勢，買來之後自己體驗覺得更加滿意。
1,外觀硬朗大氣，空間敞亮，還能敞篷，除了他，還有誰？！
1,我感覺最滿意的還是外觀吧！
1,絕對有個性野性範的車，整體感覺很乾淨利索，開起來很野性很拉風，車子的外觀霸氣，動力衝擊感很大，北京40就是這樣的硬漢。
1,車展上我就喜歡上了它的霸氣野性外觀，到去試駕的時候更被這個配置和動力給刺激到了，很給力和強勢的一款四驅suv。
1,我喜歡北京40l就在於它有十足的男人氣，從車型和外觀上看，北京40l是一款非常性格的車子，不管是前臉，還是車身都透露著一股男人範，我當時毫不猶豫的選擇買它就看好了這車子的霸氣。
1,絕對是男人車，男人野性，男人氣質的車，非常的有氣質和性格的一款，外觀，就是我最滿意的地方。
1,北京40l這車子的優勢還真不少，但讓我最滿意的地方就是車子輪胎抓地非常牢，這感覺真不是一般轎車能比的，越野車就是越野車，另外，車子底盤高，開起來更自如，動力方面也不是蓋的。
1,還是很滿意它的外觀和超大的空間的，再就是它的安全系數很高的，車子性能和配置都超過這個性價比的，反正我感覺很滿意的。
1,這樣的一款超大空間定位的酷炫的suv，北京40l顏值真是太帥了，有著超大空間和超大動力的車，絕對是滿足我們需要的第一選擇。
1,空間大
1,不懼爛路吧
1,動力外觀
1,動力輸出還挺滿意，外觀大家都懂…
1,動力還行，上坡力量夠強，超車方面可以
1,喜歡它硬朗的外觀和強悍的動力，還有就是越野性能能滿足我工作之余的撒野！
1,外觀和越野性能都很好。內飾空間很大，座椅很舒服。整體很好。後備箱空間也很好。
1,外觀很喜歡，空間大，視野好
1,外觀拉風！越野性強，183kw動力強悍，
1,外觀挺不錯了，大愛，2.3t的動力確實不錯，個個覺得絕對夠用啊！
1,外觀沒的說，非常漂亮，雖然有明顯模仿牧馬人的外觀，但前臉等設計也有北汽自己的風格。「北京」二字也是充滿霸氣的logo。
1,拉風的外觀，強大的越野性能以及充沛的動力
1,接送孩子，車子高大，安全
1,敞篷，還可以來一半敞篷，分割設計，沒開過牧馬人，不知道牧馬人可不可以敞篷
1,樣子實在太帥了，底盤高，視野開闊，出去回頭率超高！
1,超滿意它的外觀和動力的，四驅系統就是野性就是霸氣，超強悍的外觀和超強勢的速度，玩車和朋友去自駕游都是槓槓的。
1,車子的動力純粹強悍，越野性能超有質感，四驅很有野性的外觀還有搶眼的造型加上這個豐富的配置，都是我讓我們非常的滿意的。
1,造型大氣，高大威猛，尤其喜歡底盤，機械感突出
1,都還行！
1,顏值高，動力充沛，提速表現優秀，動力源源不斷
1,顏值高，動力強
1,外觀和動力值得稱贊
1,最最最滿意外觀！外觀！外觀！重要的事情說3遍！我是外貌協會，舅舅去試駕三天三夜活動來我家吃飯，我看到小6隔天就去4s店看車了。外觀霸氣，稜角分明，前車燈，流線非常美。
1,動力、外觀、內飾是我比較看重的，而這也是我最滿意的，油耗呢是高了點，但是超車後期的一騎絕塵絕對讓你心潮澎湃。其次當然要說說bose音響，對於破喜歡迪克牛仔的兄弟伙這輛車的配置絕對是劇院級別的
1,車型與眾不同，大氣穩重，內部豪華舒適，人性設計。
1,最滿意的就是音響了，無可挑剔……
1,ct6外觀霸氣，大燈是亮點，識別度很高，尾燈晚上非常帥氣，整個車體設計飽滿，內飾科技感強。
1,其實要說最滿意的有很多，不過最讓我滿意的還是性價比吧，畢竟這價格我也可以考慮同級別的bba，但是從配置上來看的話，凱迪的性價比卻要高出很多。
1,外觀十分的霸氣，科技感很足，性價比實惠，特別是自動剎車，效果挺好，覺得這個科技很先進。
1,很多人不喜歡車尾部的設計，跟高調的前臉相比略顯沈穩，我卻十分中意。尾部線條稜角分明，綜合了整車凌厲的感覺，讓人眼前一亮。
1,性價比，這麼多功能，價格卻十分接地氣，最重要的是配有mrc主動電磁感應懸掛和ars主動後輪轉向再加上360度全模式智能自動泊車系統，開這麼大尺寸的車，一點壓力都沒有。
1,總體感覺都不錯，外形和動力最滿意。
1,操控十分靈活，這個車身非常大，給人感覺不太靈活，但它的後輪轉向帶有輔助功能，轉個方向比較靈活，加上動力很強勁，對於這輛車，整體呢還是很滿意的，是一款值得購買的車型；
1,最滿意的還是外觀的設計，前臉的改變非常大，感覺更霸氣了，另外新標比起以往也更犀利了。
1,毋庸置疑，必須是凱迪的外觀，前臉的設計改動很大，比起一塵不變的某套娃車來說要好很多。
1,空間夠大，平時商務接送和接送小孩偶爾家人一起短途自駕游，體驗下來都不錯，畢竟長寬高和三米多的軸距在那裡。動力足夠充沛，v6的平順性沒得說，撒歡的時候隨叫隨到，乾脆利索。
1,第一眼就被外觀征服，看上去就顯得很大氣，內飾用料方面也很厚道，至少我覺得要比寶馬做的好很多。
1,老婆最喜歡的品牌，我算是愛屋及烏，不過凱迪拉克的尾燈和前臉的設計感一直都是很有標誌性的，ct6號稱是今年的旗艦款，確實是很可以。不管在外面還是在小區，回頭率都超級高，哈哈哈。
1,舒適性很好。皮質的細膩度，駕駛員位置的包圍所帶來的貼心安全感，以及車內音響打開後的高品質音色輸出，上下班路上就算堵車也不再覺得難熬啦。
1,要說最滿意的，肯定和大部分人一樣，因為他的外觀，豪華中帶著一絲霸氣，不管是開在路上還是停在路邊，總能吸引很多人的目光，另外性價比上ct6相比同級別56e來說要高出不少，這也是我選擇凱迪的因素之一。
1,這個逼格還是挺高的……黑色很酷，很大氣。開車在路上，這個車裡面很有焦點的感覺。首先外觀上是我很喜歡的。
1,重新設計的外觀使新車辨識度更高，設計很考究，使得車子外觀更大氣。內飾用料豪華，材質出色，做工精緻，配置也很豐富。值得大傢伙好好去試駕考究一番！
1,怎麼看都舒服，操控很不錯
1,由於是掀背的，對載物能力來說出奇的驚訝！將兩塊隔板完全掀開，後座放倒，尾部空間不亞於suv！
1,最滿意的就是外觀回頭率太高了
1,無框車門和掀背
1,打開敞篷以後的流線比較漂亮
1,與眾不同.回頭率高..空間比想象的大
1,外觀非常滿意，無框車窗，掀背的後備箱！還有紅內飾也很好看。
1,外觀，底盤，方向盤
1,安靜舒適加速也不錯科技上面同級車輛沒法比
1,提速。只要願意給油，出紅綠燈一般都是快出幾個車身。底盤。上次越野了幾次，跟那些路虎基本上不掉隊。
1,方向盤比較輕。
1,加速特別快，而且加速聲音很小；內飾的科技感現階段無車可比；回頭率高，接領導時虛榮心很能得到滿足。
1,太炫酷了！燈光，造型，科技感、無一不顯示豪華車的檔次！
1,就是衝這內飾買的，買了之後發現外觀還是很耐看的，越看越漂亮！還有就是動力強勁，隔音效果非常好！
1,換代後的q7，外觀沈穩大氣，285/45r20的寬胎大輪轂把整個車體襯托的更加豪華，內飾煥然一新，做工精細，全液晶儀錶盤科技感十足，駕駛座椅寬大舒適，新一代q7動力澎湃，起步提速操控及制動游刃有餘.
0,動力不足，尤其夏天開空調，畢竟1.4的排量，可以理解。起步如果捨得給油，還是很快的，輪胎稍微有些小，畢竟整車的噸位不算大。
0,沒有期望中的原車導航，不過自己在外頭裝了一個，也還行。開車上高速的話，噪音有點大
0,2.3檔的頓挫感和異響問題總是有的！
0,用料絕對太省了大毛病沒有小毛病有些但不影響正常使用
0,動力不夠強勁
0,這車真的空間太小了，買回家都被家人一頓數落，不過自己上下班代步影響並不大。
0,大眾簡配比較厲害，本來想要1.6的手動舒適型的，結果4s店說沒有車，說是上海大眾根本就沒有生產，我也不知道是真是假。反正最低配就那樣了。
0,空間較小，舒適性一般般。
0,這個價位各方面都很不錯了，只是可惜取消了esp
0,為什麼低配沒有中央扶手為什麼大眾廠家你說啊你說啊!(當然新手不能這樣啊開車啊切記安全第一)空間比較小（不說你們也知道啦就這麼個車空間就不要奢望了）
0,二檔容易跳檔，不知道怎麼回事，還有就是減配嚴重，發動機隔熱棉，點煙器，煙灰缸什麼的都沒有，還要自己再買，不過這個價格完全可以接受
0,車內後排空間是短板，畢竟是a0級小車。身材魁梧之人後排壓迫感明顯。另14寸小腳和蠟燭燈最不爽。
0,一檔換二檔時頓挫，不知道是我自己的問題還是變速箱的問題，後排空間相對比較小，不過這個可以忽略不記，本來就是小型車。
0,不滿意自然是簡配啦，
0,沒有倒車雷達，還有就是懸架調校比較硬，後窗開後速度快了，耳朵受不了。
0,後排空間太小了，後備箱也小了點，帶點大東西就得放倒後排座椅了。還有動力稍微弱了點，起步有點肉！
0,後排空間較小喇叭不太給力音響不夠好不過相對於這個價位也算不錯簡配連後保險槓都省了
0,沒有esp！
0,空間，還是空間，特別是後排，如果後排不坐人，還好。可是如果坐人，長途一定很累。
0,最不滿意的應該就是空間了，不過還好，我一個人平時上下班開開，但是一旦後排要座人的話，男生估計夠嗆，女生還好。
0,空間比較小啊，像我朋友說的，就像個鳥籠子。內飾塑料感比較強。還有就是大眾的車簡配厲害。不知道國內的大眾有沒有排放作弊的現象。
0,安全配置的簡配。前霧燈、後防撞鋼梁的缺失實在讓我不能接受。後防撞鋼梁已經自行加裝，霧燈還在觀望對比中。像別的什麼後視鏡加熱後雨刷還給予保留這點我比較滿意。否則這兩個可不太好後期加裝。
0,簡配的有點嚴重，相比較14款少了好多實用的東西，比如自動雨刷，自動大燈等，我感覺那些配置還是挺實用的，畢竟媳婦也偶爾開，車無完車，接受了就好
0,減配太多實用性強的配件！！！霧燈沒有差評！車身穩定系統沒有差評！後防梁撞沒有差評！！
0,安全裝置，只有安全氣囊了。神馬防撞梁，esp都只能是幻想
0,暫時沒有不滿意的地方，如果要說的話，滿載，空調時動力有點欠缺
0,空間吧，後排挺擠的，覺得還沒以前我那小樂馳寬松。
0,大燈，感覺晚上不是特別的亮
0,空間沒有亮點，感覺比之前的qq308空間大不了多少，跟同級別的飛度、雅力士致炫這類變態的空間設計更沒法比了。不過也夠用了。
0,1，手動版的離合和剎車離得太近了，非常不適，開久了腿累啊。2，還有左右後視鏡太小了，設計不合理，盲區大啊。
0,發動機沒有護板，鐵輪轂。
0,後座不能放平，儀錶盤是紅色的有點遺憾。
0,刷卡第二張還得要手續費，而且用的微信支付，每張80，太貴
0,選裝的行車記錄儀卻沒有給我儲存卡，我掛牌回去的路上還沒來得及買儲存卡，一個阿姨連人帶車倒在我年前，我很生氣，因為記錄儀裝了不能用，真不方便，還好不是碰瓷的。車輪的大眾標誌全白的還沒有霧燈真難看
0,沒霧燈
0,各種簡配，這是大眾最普遍的槽點了吧。感覺被同價位的國產車秒成渣。
0,配置實在是…感覺有些配置可以不用減，比如說後視鏡調整，居然需要手動去扳，現在居然還有手動去調整的後視鏡！
0,大眾這些年為了打價格戰各種減配，最低配的車，真心夠乞丐的，除了一個殼子，沒有任何電子設備可言。
0,隔音不好，車速一上60車內的噪音就比較大，對乘坐的舒適度有很大的影響，尤其是胎躁很大，加上懸掛偏硬，很容易傳到車子內部。
0,開空調後，60公里再加速時加不上！！！
0,車子的隔音做的太差，底盤感覺不是很整，尤其是跑長途的時候，車子一超過100公里各種風噪和發動機噪音非常明顯，嚴重影響了車內乘坐的舒適度。
0,油耗太高現在有一點接受不了
0,車身有點輕，畢竟是1頓的車，要求不了什麼，車身皮有點薄
0,油耗比較高，接近6毛一公里。安全帶卡扣異響
0,柏油路面，胎噪太大，
0,過一些顛簸路段，有些輕微震動。現代車的懸架再舒服一些就更好了了！
0,媽蛋，備胎還能再細點麼，跟摩托車軲轆似的！
0,過減速帶時還是會有異響，磨合期溫柔對待它，希望以後不會鬧脾氣。
0,講的太細
0,我不保養那麼勤快車就得壞
0,整個車看著有點小，沒有導航！其它的都還比較滿意！
0,中控區的顯示屏不夠大，感覺很不搭。
0,沒有不滿意，值這個錢，要求太多估計這個錢就買不到了！如果一定說一點的話，我覺得一個家用車為什麼要整成黑色的內飾而不是淺色，有點不合適吧！
0,駕駛位沒辦法控制後窗升降的反人類設計，以及不帶中央扶手箱。
0,空調第3檔風聲太大。
0,最不滿意的應該是斯柯達車減配太嚴重，一些實用的配置，車內扶手和遮陽板鏡子都沒有，哎實屬無奈。。。
0,前排不能控制後排車窗，真的比較奇葩。
0,後窗控制實在坑，想透透氣很困難。動力確實肉了一點。除了安全配置值得稱贊，其他的配置就少的可憐了。
0,我想說的別人都說了，簡配厲害，車頂扶手都沒有，但是預留了位置！遮陽板沒鏡子，這能值幾個錢！駕駛室不能控制後車窗？
0,內飾用料減配厲害
0,內飾塑料感強
0,內飾用料實在太差。做工還是很不錯的。收音機只能收幾個台。沒有後防撞梁。
0,開空調之後發動倉的時候實在是太大了
0,簡配，簡配，簡配！減的也太厲害了，霧燈，後防撞梁等等，再就是空間了，不過有得有失，空間小停車方便。
0,簡配好多東西，自家再買裝回來花很多錢，後防撞鋼梁，隔音棉，後隔板，霧燈，拉手，～～～～選擇的顏色比較少只有三個，我說的是車享版
0,駕駛位沒有後門車窗控制，收音機奇差無比根本收不到幾個台。
0,1檔2擋噪音較大，起步動力較弱。
0,不能控制後窗升降
0,後排退步空間太小，後排中間沒法坐人，方向盤太沈
0,簡配的厲害，沒有頂棚拉手，遮陽板沒有鏡子，前排無法控制後窗開關。一二擋起步肉，噪音大。
0,4速箱有點老
0,都還好吧，沒什麼特別不滿意的
0,走老路時駕駛座車門已經開始有一些滴滴答答的異響
0,自動變速箱換擋遲緩，降檔的時候有明顯的頓挫感，變速箱取消了手動模式。胎噪很明顯和隔音略差。。。只有一把遙控鑰匙，可惡！減配！簡配。。。各種簡配。。。
0,最不滿意的就是空間了，我想所有買polo的都是對這個不滿意。不過也就是後排，前排還行。
0,就如我標題說的，適合自己的需求就是適合的車，所以對polo本身還真沒有所謂的不滿意；當然對上海大眾不滿意就是因為成本的壓力而簡配；
0,畢竟小型車，後排空間只能說不擠，寬裕什麼的那就真的說不上了。後備箱也是，裝不了多少東西。還好後排能放倒，可以應急一下。但是只能整體放倒，坑爹眾這點也摳門一下真是無語了
0,空間，空間，還是空間，空間過於局促，後排不適合載人；空調壓縮機出奇的響，在車內倒沒什麼，別人在車外估計距車30米都能清楚聽到壓縮機的聲響。
0,不滿意就是配置有些低，我自己沒什麼要求，但是老婆比較喜歡那種中控比較大的顯示屏，最好能看電影，聽音樂，能導航，有倒車影像的，沒辦法合資車配置就是沒法和國產車比。
0,後排空間給人的感覺並不是那麼理想，整個車坐五個人剛剛好，家用也非常足夠，後備箱空間完全就是按照小型車做的，不大，放兩個中等的行李箱沒有問題，
0,最不滿意的要說就是車的空間了，對女生來說還好點，但是對於中等個子的男士來說還是有點局促了。座椅要向後挪很多才行。好賴座椅可以調節高低，不然真的不適合男的開。
0,毫無疑問就是動力了，1.4的機子的確太不給力了，相比飛度那簡直就不是差一個級別的動力表現了，只是無奈荷包就這樣了！
0,減配的很厲害，起碼的水溫顯示也取消了，我是2016款1.4自動風尚版的。
0,1.2檔換擋不積極，有共振的聲音，沒有胎壓監測，a柱有點擋視線，後排空間表現一般，後輪是鼓式剎車，效果沒有盤式的好。
0,乞丐版就是乞丐版，不過對得起這個價格，我很滿意
0,暫時沒有什麼不滿意的
0,減震！減震！減震！其他車友說的胎噪過大沒感覺到可能跟這邊下雨有很大關係吧，內飾方面暫時也沒有異響，希望以後也不會出現。。。
0,車內異味，輪胎太薄，低配與高配相差甚遠！
0,低配織物座椅好難看，車內很臭……
0,對於車子我沒有什麼特別大的不滿意的地方，就是就得車子的舒適度好有待提高的，車子的減震有一點不是特別的好，車子跑起來的有時候，會有明顯的顛簸感，並且車子的座椅很硬，所以就會坐起來不太舒服。
0,後懸掛偏硬。音響偏差。後備胎該外掛。還有就是自己顏色選擇的錯誤了。這可不能怪產品，有喜歡穿紅的就有喜歡戴綠的。
0,"冷卻液壺容易開裂,已經第二個了"
0,1.內部空間一般2.異響多，中控，駕駛室門，副駕駛室門在過細碎顛簸路段的時候會時不時傳來異響。很煩~~~~~~
0,夜間大燈較瞎，玻璃水用20多次就沒了，這個廠家也太省了，內飾細節一般，一鍵升降無
0,不滿意？似乎沒有不滿意一分錢一分貨最主要的核心三大件和安全配置我沒有不滿意
0,蠟燭燈，中控比較簡陋，沒有usb接口，升窗按鍵沒有背光
0,離合異響，油門感覺不夠乾淨，起步肉！
0,手動檔的異響，哐哐的，聲音偏大，動力弱。
0,備胎......哪個醜的要命！手動擋換擋偶爾有鐺鐺聲音！
0,不滿意就是每次過減震帶那硬邦邦的懸掛，和稍微不好的路面的時候那回饋，還有經過烈日暴曬的內飾塑料味，不過一分錢一分貨，車總有小缺點的，在接受範圍內！
0,1、晚上找不見玻璃升降開關。2、晚上大燈太瞎，老受欺負。
0,目前還真沒有不滿意的地方，空間對我來說夠用了，還是起步有點肉吧，渦輪沒介入之前1.4l要帶動1.4噸的車身，確實有點為難酷子了。沒有一鍵升窗，升窗按鍵也沒有led燈，真是美中不足啊。
0,最不滿意的是像其他車友說的換擋時有咔噠聲！聽著真的挺鬧心的
0,車子後排橫排空間小，三個成年人坐著畢竟擁擠，後備箱空間也太小，而且起步比較慢，感覺有點肉。
0,都還可以吧，就是剛開始沒想好，買的手動的，買自動的就好了，自動的應該也不會耗多少油。
0,地盤太大顛簸發出的聲音真是夠了感覺哪裡斷了似得，車上電源太少，接近角太低，隔音一般，後備箱太小，沒有後視鏡加熱，空調不夠冷，吹玻璃外面會起霧，前面盲區大
0,應該就是那幾個通病了吧。問題可大可小，特別是冷卻液壺裂痕問題，讓人心裡不是滋味～再一個就是通用的這款變速箱，跟發動機的匹配以及掛檔的平順，都讓人覺得不太細膩。
0,內飾太low了，可能是因為褲子的外觀的樣子相互呼應的原因吧。異響，門，中控，有時候門響，有時候中控響，有時候都不響。
0,目前沒有只不過安裝完導航後中控有異響不知怎麼回事對了還有就是後排空間有點局促兩個人還好後面坐三個人有點擠
0,後排橫向空間和後備箱較小
0,"新手新車感覺那哪都好,呵呵,就是換檔有點反應慢,開著車窗會聽到1-3換檔的格檔的聲音,應該是本人新手技術不過關的問題,呵呵,還有可能就是內飾的,塑料感確實很強的,哈哈"
0,後備箱小了，車子橫向空間小了，低配座椅材質不行，新車塑料味太重。
0,空間偏小，剎車異響
0,倒車燈只有一個，在光線比較暗的地方倒車挺不方便?後霧燈也只有一個，這兩點配置不是很理解（特別是倒車燈）
0,後排空間較小，坐的時間長一點不舒服。
0,空間稍小，換來動力和操控，凡事不能兩全其美，鈴木本來就是做小汽車的。
0,前包圍接縫稍大，做工有待稍微提高。關門需要有點力度。
0,據說內飾太精緻沒異響就不是正宗長安出品。我這右中柱響，正宗
0,車窗玻璃升降那聲音有點廉價車的感覺，離合有點高，車載屏幕不是物理按鍵的，還有那硬塑料板子的內飾，風躁有點大，胎噪還能接受、藍牙和存儲卡播放歌曲有間斷。
0,胎噪是很明顯，做工不是很精細，都在可接受範圍之內。
0,感覺後排座椅的靠背有點硬，長時間乘坐有點不太舒服
0,為什麼這個內飾有點過於粗笨啊
0,變速箱檔位松垮，掛擋略不清晰，且3.5擋距離過遠！
0,發動機和變速箱動力匹配不算完美，1檔起步不給油就抖動的厲害，倒車半離合抖動厲害。沒標配倒車雷達。
0,空調不好，操作系統太差，起步無力，買此車要先去4s店學習操作
0,"外觀後看有點瘦高，感覺不協調,後排不能放倒。"
0,離合不好，我新手，開車1-3擋老卡頓，需要輕抬離合，給點有門車子才不抖不卡頓。這個等有時間去調調。沒有導航跟倒車雷達，後座不能按比例放倒。車子拉滿員的話開空調起步相當肉，感覺車子很費勁。
0,行駛中，對於小的震動都傳進車廂，軒逸的真傳呢？減配關鍵部位不能減啊。變速箱能做的更有質感點嗎？這換擋的行程實在太長了也從側面反映了變速箱裡面結構還是不夠緊湊，為什麼日產的變速箱沒學到？
0,不滿意的地方就是沒有導航也座椅也不是真皮的。
0,車子剛拿回兩天、中控顯示屏觸摸失靈了、哎、鬱悶啊、無法用言語表達了……
0,米少，上的低配，沒天窗沒一鍵啓動沒定速巡航，裝不了逼。
0,發動機聲音有點大，關窗後聲音比較明顯，還能接受。
0,車子高速行駛超過120邁後，發動機噪音偏大。a柱的可視範圍有點小。
0,油耗不滿意，不知道怎麼搞的，感覺車子的油耗很高，有時候我都開到了11個，但是有時候是10.6個，後期不知道還能不能降低了。
0,發動機傳來的聲音太大，有點難以接受，油耗目前偏高。聽說過了首保會好點，期待吧…
0,沒有電動天窗，有點兒遺憾。個人喜歡全景天窗，但是有全景天窗的價位都比較高，要麼就是配置沒有這款好，最後還是選了這款。
0,我買的1.4ｔ車型。一檔起步還好點，動力勉強夠用；一檔換二檔，二檔換三檔有點吃力，尤其是在夏天拉空調的情況下，動力疲軟和渦輪滯後尤為突出。
0,起步慢發動機聲音比較大後面座椅不能完全放倒用起來不方便中控比較漂亮唯一的缺陷是沒有導航車子味道比較重總體還可以
0,沒有導航很鬱悶，機車互聯我的手機連不了，還要認手機，能夠連接得手機太少，感覺這個系統就是個雞肋。
0,最不滿意就是隨車影像，你全系弄個導航能死啊，還有就是版本太低，能連的手機太少了，實在就是擺設，買了立馬就換了大屏，不過感覺質量差原車差多了。四s店優惠了價錢，就從送東西里摳，真心無語，送的全渣渣。
0,動力略弱，特別是跑山路，必須渦輪介入才有動力。
0,7寸手機智聯屏，能聯的手機型號太少了，手冊上能聯的手機都是老掉牙的機子，市面上很難找到，坑爹沒商量，7寸屏有點不倫不類，難道換個9寸的要死人啊？
0,噪音確實不小。輪胎太容易夾石子了。
0,輪胎夾石子，車里味道太大了，導航就是擺設
0,減震過硬，油耗高
0,低速行進中提速不夠
0,為什麼東風的設計師，把車身穩定系統，發動機啓停技術。沒設計在小三上…其他車型都有。像a60ax7.百思不得其姐
0,就是半聯動的時候有點小抖
0,車內都是硬塑料新車味太大剛買車那幾天就放味了
0,一個月沒有出兩次問題，喇叭時來時不來。前輪異響。我的那個小心臟，太傷心了。
0,等的時間太久，訂車了兩個月才提到車，內飾有點素，有時候起步車身會抖，給了油也會。
0,內飾、內飾、內飾！方向不回位，手機互聯沒搞定，沒有導航！
0,"味道大,曬了幾天,還有點味,中控太素."
0,內飾太粗糙了
0,1.自動啓停。2.松剎車是的扎扎聲！3.價格沒有一點優惠，加上貸款利息手續費等已去到快15萬了。白色還加價一千！4.車漆確實如論壇里其他車友所講真的太薄啦！
0,後排上車有點麻煩，特別是老人家
0,行駛噪音有些大，車速100碼以上感覺耳邊嗡嗡響的厲害。
0,提車以後把維維停在內江小區車庫，第二天從內江開回家，在321國道開到差不多100碼，外孫兒說耳朵都聽不到了。當時車窗是半開狀態，沒有關閉，不知道關閉車窗會不會好一些？
0,胎噪、風噪還有空間吧，胎噪風噪的影響還是蠻大的，一部十幾萬的車，確實這點差距很大，我以前的寶駿730感覺風噪大，但小維的風噪有過之而無不及，空間如果要求不高的話，日常使用也只能說是夠用。
0,車拿回來半年多了，還是有很大的塑料味、甲醛味，人在裡面感覺很不爽。
0,長安的做工實在太一般了，尤其是那個主駕座椅，坐著很不舒服，就感覺大腿挑在那裡，累，開長途更累，
0,倒車鏡在高速行駛又有吹口哨現象，高速公路行駛方向盤有走偏現象，希望廠家能後期調教完善。胎噪和風噪只有高速超100多時比較明顯，不過畢竟suv嘛，不過關了玻璃靜音效果能接受。
0,"做工不認真,長安做工別成了成語"
0,車速80以上胎噪有點大，自動啓停不好用。
0,後排有點局促，尾箱有點小，前雷達應該標配
0,車身要是再長一點就好了；發動機啓停動靜稍大，有待改進，前進氣欄換成電鍍效果會更好。後視鏡的位置略低，稍有遮擋！
0,噪音除了怠速狀態下，其他時候聲音都很大；包括發動機和風燥，胎燥等。
0,我覺得車頭和車尾再拉長一點點就最好了，稍微有一點短，使得後備箱容積很小。軸距2555mm稍微短了點，很高大的人坐後排可能不是很舒服。
0,車內用料一般，摸摸哪裡都顯得硬邦邦的，沒有usb插口。
0,噪音隔離做的不是特別好
0,通過角太低，過鄉村路前頭常啃泥
0,新車窗戶稍微有異響，燈光太暗。內飾太廉價。
0,後排和後備箱小了一點，不過也很少滿乘，一家三口夠用了
0,不滿意的地方就是發動機聲音較響，後備箱小了點，不過後排放倒後的儲物空間不錯，座椅可以達到完全放平。創酷的大燈確實暗了點，有路燈的時候感覺沒開，全黑的環境照不清楚。
0,空間有點小了，剛好一家人坐，幸好我們家都是瘦子，要不然就有點擠了。內飾有點寒酸，塑料味道有點大，不過現在好多了。
0,最不滿意的就是新車漏油，啊啊啊啊啊。還有通用對待客戶的態度，不應該是單純的口頭的同情這麼簡單吧？此處省略一萬字。
0,剎車有響聲
0,油耗偏高，軸距短了點，後備箱較小，有一些小毛病，側面看還是有點殘疾的感覺，太短了。
0,就是沒有一鍵升窗，加obd還必須破線，我去
0,1車燈太暗，太雞肋，換了得花兩三千、不換太暗；2天線，換個鯊魚鰭的很貴麼？3布內飾不裝坐墊真的看著很不爽，還好可以自己買個坐墊按上也不是很麻煩，
0,橫向空間不夠大，還有就是通過性太一般了，開起來特別是轉彎的時候沒有轎車那種穩當的感覺，然後車頭下面的接近角實在太一般，如果不是經常走爛路可以買
0,內飾簡陋，塑料感強，低配減配嚴重，不過這個價格的合資小型suv我已經很滿意了。
0,買的2016款，居然廠家不配日行燈，據說創酷預留了日行燈的線，但就是沒接！醉了，加配一個本錢不超過五十元，可逼格就不一樣了！
0,空間。太小了。變速箱沒有豐田愛信的6at好也不知道是不是匹配的問題，開昂科塞拉各種爽.開創酷感覺換擋不夠聰明，略有點頓挫，也能接受
0,後備箱小了點，相當於普通緊湊型轎車的一半，不過後排放倒後的儲物空間不錯，座椅可以達到完全放平。創酷的大燈確實暗了點，有路燈的時候感覺沒開，全黑的環境照不清楚，早晚換氙氣的。
0,最不滿意當然是那後備箱了，真的不是一般的小，後排座椅不可調，太直了，還有些窄，不過有取有捨，湊合用吧，中控硬塑料，副駕駛門柱有點異響，跟電流聲似的
0,最不滿意是4s點保養好像有點小貴，還有就是低配連usb接口和倒車雷達都不給裝個，沒有一鍵升窗，車窗鍵沒有背光，這些都影像便利啊。
0,胎噪有點大，在碎石路面行駛的時候，胎躁很明顯，偶爾還感覺車內有共振的聲音，鋪裝路面噪音小很多，應該跟路況的關係很有關吧，跑兩年把所有輪胎都換了，換個其他品牌的好一點的輪胎應該會表現更好。
0,長安鈴木的做工，長安鈴木的內飾，原車的導航設計非常不人性話，直接輸入地址，根本找不出來。
0,後懸掛偏硬，過減速帶槓槓滴，前排感覺不明顯，後排很直接，不過土路和瀝青路面顛簸就差一點，總體還算可以吧。
0,後排空間略小了一點點
0,內飾塑料感強，做工差一些。座椅舒適性差，沒有腰部調節！豪華版竟然沒倒車影像，摳門！（只有四驅旗艦才有倒車影)
0,門不好關、窗戶關的太快、太大力（每次duang的一聲）
0,別的沒發現，儲物空間比較小。。
0,發動機啓停比較雞肋，懸掛略硬。
0,內飾有些差，車里的味道很濃，冷車起步有些肉，車熱起來以後很牛，橫向空間有點窄，坐三個大人會有些擠，不過家用是夠了。
0,減震太硬，過減速帶的時候，雖然車速只有十公里左右，但仍震得全身發麻。
0,後備箱太小，備胎太小，雖然還沒用過。
0,後備箱真心小，保養費用比一般車子貴，光機油4l的一瓶就得458，
0,內飾沒得說了，太簡單，太low，雖說該有的物品盒子都有，但不得不說顏色、材料搭配上邊真的不輸於10萬以內的車，入眼整片整片的黑色塑料，就不能用點心像jeep自由俠那樣下點功夫在內飾上嗎？！
0,當然是內飾了，不過我想選擇褲子的人應該不會過多的計較它的缺點。
0,後備箱略小，內飾在接受的範圍內。
0,高速一百一時速時感覺方向盤有些抖
0,內飾塑料感太強，基本上手能碰到的地方都是硬塑料（除了坐椅）。動力方面，起步有點肉。
0,內飾略差！空間略小！油耗略高
0,內飾全是硬塑料，車窗按鍵沒有燈，晚上基本靠瞎摸才能找到，剛開始沒適應總是開成後窗的玻璃。
0,剛提新車，還沒有不滿意的地方。
0,內飾設計過於保守，用料一般。（或許這也是鈴木的通病吧，在這方面可以改善一下）
0,發動機、底盤、胎噪噪音抑制較差，70公里以上風噪較大，安靜性能方面有待提高！
0,底盤太硬造成的舒適性急劇下降是讓我最不爽的。過坑窪路面的時候必須要很慢很慢才行，否則那顛簸程度真是很不舒服。
0,副駕駛如果也有一個手枕就完美了，中控塑料確實多，後期怕是會有異響
0,最不滿意的應該是售後點太少，保有量太少。
0,門最令我不滿意，鈴木請不要把這麼不嚴謹！~完全沒有厚重感
0,提速過快官方提供的是0-1008秒實際我感覺5-6秒完全不符合我對家用車的定位。綠燈一亮，油門輕輕一點就衝出去了。
0,其實都挺好的非要挑一樣的話就是沒有胎壓監測吧
0,內飾門板有點粗糙，其實是門板花紋太粗廣了！坐騎好像做的有點太高了，導至頭部公間有點小，感覺還沒以前的雨燕頭部空間舒服。
0,兩驅頂配的車型，如此豐富的配置，卻把倒車影像給閹割了。還有麼就是銷量不是很好，性價比很高的車啊，還是品牌競爭力吧！遙控鑰匙沒有後備廂蓋開啓鈕。
0,油漆薄了點，配件貴了點，後箱的確小了很多，最不滿意的是車載導航系統非常雞肋，還得購買蘋果手機，安卓不認，打算換掉。
0,做工較粗
0,上汽把車子閹割得太厲害了，沒了定速巡航、日行燈、前排座椅加熱等等，國人的確好欺負
0,豪華版沒有電子手剎，沒有一鍵升窗，沒有自動上鎖…座椅真心不舒服，腰部沒有受力點，整個人往後靠還可以，但是這樣大腿就難受了...不是腳累就是腰累..不知道鈴木是怎麼設計的，小日本腿比我們長？
0,誰看都知道，做工一團糟
0,非要找一個不滿意就是後備箱了！裝一個兒子的小推車還行！大一點的裝不下！
0,起步階段還是稍稍有點肉
0,樓下第一點，空間！
0,做工差，用料單薄。
0,油耗還是稍微有點高
0,內飾和做工不夠精緻，自動啓停每次著車後要手動關閉，另外，大屏幕都有了，為毛沒有倒車影像啊！！！！！
0,沒有導航，車載系統雞肋，連國產車型都用上蘋果車載多媒體系統了！後排座椅太直，橫向寬度窄，車身再長100毫米就好了，絕對比科帕奇凶悍，接近角太小，底盤有底低！剎車有時有點異響！是不是我要求的太多了！
0,收音機不能關閉，上車通電就自己嗨起來了。
0,感覺這個油耗偏高啊
0,不能不說這車外形很霸氣的，就是配置上有很多的欠缺，如果再多點就好了。
0,他們說這個空間有點小，其實我真的沒有感覺太不滿意的，一般我們就三口之家用，這個空間就足夠了。
0,最不滿意的一點卻是車子內部的裝飾，尤其是中控台位置。感覺不符合我的審美。
0,最不滿意的是車的前臉，覺得有點死板，尤其是大燈，形狀有點傻傻的，但外觀這種東西吧，一人一個看法，說不定就有人覺得好看
0,前排座椅還好些，後排座椅的靠背有些硬，長時間的話感覺有點累。
0,最不滿意的是車子內部中控台位置的設計，不知道是因為追求復古設計的原因還是什麼，形狀設計的有些怪怪的，看上去很不舒服。
0,車子非常好開，就是感覺這個轉彎半徑較大，不太順手。
0,安全氣囊設備不夠齊全，雖然特殊情況發生的幾率不大，但是這點的重視再次輸給了進口車系。
0,前方視野一般，變速箱不夠聰明。
0,感覺內飾風格上，有點過於生硬了，太過於追求運動感。
0,有點小問題，不知道是我沒使用好麼
0,後備箱空間略顯不足，放不下稍微大點的旅行箱，只能塞個旅行包湊數。
0,現在我的油耗還不到理想的水平，不知道是我的原因嗎？
0,低速頓挫
0,儲備間及後座空間較小
0,做工一般，車燈地方的縫隙感覺挺大的，不知道會不會進去沙子
0,後備箱空間不夠大，感覺還沒小型車的大；座椅包裹不強，不是很舒服；
0,沒什麼最不滿意，目前來說是油耗吧，9.1還可以啦
0,感覺它的起步有點肉，再就是它的油耗現在有點高，其他還沒有發現了。
0,後排的靠背有些硬，不太舒服
0,最不滿意的就是中控顯示屏太小了點！
0,唯一遺憾的就是變速箱，起步過肉，一擋進二擋不夠積極，下坡路換擋遲緩。油耗相應偏高。
0,感覺車子的性能是沒有問題的，唯一感覺不大氣的就是這個後備箱了，有點不夠用的。
0,感覺這個車子的隔音效果真的不夠完善的，上了這個高速之後這個風噪和胎噪就讓我有點難受了，不知道做一下密封效果會不會好呢？
0,車子開起來很贊，就是隔音靜音效果不夠全面，而且換擋不滿意。
0,暫時都還好沒有什麼瑕疵
0,後備箱略微小了點兒
0,提車速度太慢，沒有贈品優惠，動力沒有那麼強勁，低速頓挫還是有的。
0,發動機啓停
0,轉彎直徑非常大，不知為什麼為什麼比我的大suv奔馳gl450的轉彎直徑還要大，轉彎時特別顯笨。
0,動力，速度起來後非常好
0,在起步的時候，感覺有點肉和面，你們的感覺怎樣呢？
0,很讓人無語的就是它的大燈，是什麼全系鹵素的……我都奇怪了，其他做的都很不錯，為什麼這個大燈要這樣的給節省呢？
0,我覺得空間有點小誒，前排還不錯，比較寬敞，後排就有點窄了，坐三個人可能會有點局促。後尾箱是真的不大，不過我也沒什麼東西要放～
0,起步有點肉，高速時風噪胎噪還是比較明顯的，一檔變二檔時發動機感覺有點費勁，感覺乾哼哼上不去似的，不過也不是為了飆車，還好，後備箱也有點小，不過兩個人出遊還是夠用的。
0,7速乾式雙離合，頓挫感在低速行駛的時候特別明顯。油耗偏高。
0,起步真肉肉肉，檔位間隔小。
0,起步略有點慢，畢竟我們年輕人都是急性子，起步稍微慢點心裡都著急
0,1，溜車。女生要注意。尤其開著自動起停。熟悉車以後。基本沒什麼問題。2，鹵素燈掉檔次。3，沒有後排出風口。
0,這個價位沒有後視鏡折疊加熱，不開心。車門儲物空間小，太浪費了。不知道設計師怎麼想的。
0,只有兩驅，離合器換擋1檔到2檔有延遲，a柱有時候稍擋視野，倒擋切換的時候也有延遲。內飾織布有點可惜，後備箱空間略小了一點！後排沒有出風口，沒有插頭！音箱後備箱也沒有。
0,對自由俠的這個啓停功能不滿意，不太會用
0,起步肉，油耗市區偏高，低檔位突然松油門有頓挫基本和大家的感受差不多吧，但是絕對沒有說的那麼嚴重，我是覺得可以接受，習慣就好了。
0,只有兩驅，離合器換擋1檔到2檔有延遲，a柱有時候稍擋視野，倒擋切換的時候也有延遲。內飾織布有點可惜，後備箱空間略小了一點！後排沒有出風口，沒有插頭！音箱後備箱也沒有。
0,起步比較肉，紅綠燈起步必須給油，不然就要被後車催了，低速跟車有頓挫感，20碼以內加油和踩剎車都會有頓挫，但尚可接受，奧迪的雙離合也差不多是這樣的，開了五百多公里了，也差不多習慣了。
0,方向盤不能前後調整，頂配都沒有電動座椅，減震調教太硬：好像說多了啊。
0,隔音，絕對是隔音，內飾我可以妥協和裝扮，做工我也不強求，但是隔音真的不行，自掏腰包搞了全車隔音，效果是有，但比不上同價位國產，哎誰讓魚和熊掌不能兼得呢
0,中控大屏造型改的不是很協調，能延續海外版本的設計就好了
0,座墊好像做的有點太寬了，導至腿部公間有點小，感覺和我眾泰5008空間不相上下。
0,肯定是內飾了，對不起這個價位呀！
0,最不滿意的地方應該是40邁附近的頓挫感，小維的換擋比較平穩，但是在40邁附近松油門的話很感覺到頓挫
0,路感較強，來自地面的聲音比較直接，可能是因為我沒開過車，坐過的也都是轎車多些。
0,隔音不是很好，車輛的減震有些硬。
0,做工略差，有些膠粘合的地方有些脫膠。
0,自動啓停的設置最不滿意。出廠默認為開，不想使用就需要在每次啓動時都要關閉一次，很多時候都忘記了，自動啓停一工作，有時把自己弄一愣。
0,導航軟件極差，85%以上車友都沒用用車載導航，花錢不值的車載導航。
0,不太好的鋪裝路面和關了4門的時候（倆個條件必須都具備時）胎噪有點大，但可以承受。
0,胎噪有點大，尤其緊閉門窗的時候
0,硬要說缺點，空間和做工吧！長安這做工不敢恭維。另外很多人說中控不漂亮。我覺得還好。還有能奢望一下電動座椅嗎？能有後排出風口嗎？能多幾個usb接口嗎？後備箱能電動嗎？能改電子手剎嗎？是不是想多了？？？
0,外部做工著實不敢恭維。尾部標牌有脫膠現象，駕駛側門縫對的不齊。
0,車身太短、車門太輕，這車如能再長30釐米幾乎沒有缺點了。
0,舒適性吧有點欠缺，特別是隔音、胎噪有點大。
0,後備箱略小，放了寶寶的安全座椅就放不下其他大件，而且天窗開關那塊塑料板有共振，過坑窪路面時候一直在耳邊滋滋的響，挺煩人的。首保的時候去解決一下，不是大問題。
0,內飾做工有點欠缺，後排座椅下部的塑料門邊有點脫膠；座椅底部的電源線裸露（不知道是乾啥用的，如果是重要部件，直接裸露會不會造成電器件故障？）。車漆薄，門板薄。剎車踏板有點高，太靠中間了點。日行燈有水霧。
0,對比頂配簡配比較嚴重，內飾是硬傷。
0,還是感覺車子的後備箱有點不夠用的，其他的小毛病也就不在意了，車無完車啦。
0,7速雙離合的變速箱真的是大蝦一大敗筆，市區內跟車時確實有些許蛋疼
0,雲南紫外線強，全景天窗遮陽簾不能遮光，坐在車內太陽還直曬到乘客身上，讓乘客感覺不舒服。
0,最不滿意的就是變速箱，反省遲鈍，發動機啓停車會熄火，技術不過關
0,"沒有智能升窗,導航極其難用而且數據庫老舊不準確(估計以後更新只有靠大神)魔獸版貼膜失敗,解決方案不滿但勉強接受,算一個教訓吧~"
0,車子在這個低速頓挫非常強烈，上了這個高速就沒有問題了，也不知道是不是我的駕駛習慣的問題。
0,沒什麼不滿意的，感覺每一點都是為我量身設計的，簡直滿意的不能再滿意
0,的確有頓挫感，希望日後可以優化；再說說座椅吧，主駕駛就那麼回事吧，關鍵副駕駛，沒電動就算了，就一個背部前後調節，連個高低調節都沒有，對18萬的裸來說有點寒酸。
0,不知道你們怎樣感覺的，我感覺這個後備箱空間不是很大，也許我要求過高吧，一般這個車型也就這樣大的後備箱？
0,價格是自由俠2016款1.4t級別中最貴的，平均貴了有2-3萬的樣子，這點心裡有點疙瘩。
0,廠家對於車出廠不是太注重我的車出廠全車玻璃和漆面都是污垢還不好清理都是一層油氣還要自己去做二次處理退車還不行只能索賠全車玻璃這一點太不滿意了
0,其他還好，感覺這個後視鏡不能折疊有點差強人意了。
0,價格貴，儲物空間不足，後排沒出風口！
0,整車降噪不是很理想，發動機聲音有點大，自己上了隔音棉好點！不過10萬的車也不能要求太高！
0,底護板竟然減配了，後排杯架也只有運動版有了
0,經銷商一分不讓，扶手箱有點短！跑長途右手有點酸爽……
0,沒有導航，也不能插cd，天窗有點廉價的趕腳！還有後備箱在車子裡面打不開，必須有人在外面按後備箱按鈕才能打開，第一次開廠裡上班保安檢查時我在車子裡面怎麼也打不開，好尷尬！
0,隔音做的不是很好，內飾檔位那裡塑料感太強
0,沒導航，降擋有頓挫感覺
0,大燈太弱，自己回來改了氙氣大燈。後排沒有出風口（座椅下面也沒有）。
0,高速噪音相對大一點，不知道其它車是不是也這樣。
0,雜物箱不帶阻尼，駕駛位找不到放大屏手機的地方，繳費票找不到合適位置放。備胎能不能給個大點尺寸的。
0,底盤有點低去農村容易碰底盤，還有就是沒有座椅加熱和一鍵啓動。
0,愛它就要愛它的全部，就要連他的動力不是很好的缺點也愛。
0,很不滿意黨風玻璃響又出現中控台裡面想副駕駛響中控台響的就跟開廢舊車似的
0,點煙器位置不知道為啥非要設計在那，還有就是後備箱在裡頭打不開，非要去外面按，不方便，不方便，不方便！
0,1.發動機噪音大，這個跟速度有關係。溫柔駕駛的時候會好一些。2.車漆有些薄。
0,偷工減料的地方好幾處，打開發動機蓋兒就看到地面了，算了，便宜麼
0,底盤較低，爛路跑的不是很順暢，建議加個底護板，不然很難弄。
0,次頂配車型，電子配置基本沒有，沒有導航，沒有胎壓，沒有後視鏡折疊，都沒有，一汽就是這麼小氣，這車電子配置再高點銷量絕對上10000輛每月，電子配置值幾個錢？
0,a柱面積有點大視野有些受阻還沒過首保剛啓動的時候給油發動機聲響比較大跑一會有所改善過了首保應該會好一些
0,部分接縫有點大！手套箱沒有阻尼感，差評！發動機噪音轉速上來之後有點大！論壇上說的問題：車窗按鍵漏風：確實有後備箱蓋磕碰保險槓：目前沒遇到異響：目前沒遇到
0,油耗目前略高
0,油耗太高，瞬間油耗高得嚇人，希望過了磨合期能好點
0,電子手剎就不說了，好歹配個無鑰匙啓動吧…後排啥都沒有，沒出風口沒usb口沒照明燈，好歹給個儲物槽吧，設計師欠思考了，備胎也太小氣。
0,最不滿意得就是。這車要是弄個雙出菊花車子更完美了，哈哈，發動機聲音有大了點，不過這些都是可以接受的範圍，沒聲音哪來的動力？
0,一台車肯定有它不怎麼好的地方，正所謂魚與熊掌不能兼得，b50在隔音方面好像優勢不是那麼大，但是它的舒適性擬補了隔音偏弱的問題，底盤的穩定性使行車安全和舒適性大大提升了。
0,不滿意就是有共振雜音，還找不到在哪裡！在一個a柱太大了，遮擋視線，影響安全駕駛。
0,後備箱那裡異響，聽著讓人煩，頭疼
0,暫時耗油量有點大，機蓋沒有隔音棉。
0,死車起步的時候，剎車那點像什麼卡住一樣，有點異響。
0,只有頂配才有一鍵啓動，我之前以為這款豪華也會有的，頂配還要貴，快結婚了，銀子不夠
0,也沒有什麼不滿意的地方，如果有自動大燈那就最好了。
0,跟漂亮大氣的車身相比，這車的動力就顯得捉襟見肘了，有可能跟車重有關係，總感覺起步肉肉的。
0,要說最不滿意的就是車子儀錶盤裡面顯示數據只顯示有瞬時油耗，沒有顯示百公里油耗。只能看以後用車自己再算算啦！
0,懸架稍硬過井蓋小顛一下
0,車子是好車，就是沒有優惠，也沒有贈品，哎，寶寶不高興。
0,性價比超不給力，尺寸較小，經濟性不夠（關鍵是本人上班族一枚），想越野又不敢放開油門兒，糾結啊。同等價位日系車油耗可能有一半兒差別。jeep情節，沒辦法，圓自己的硬漢夢吧。看著就是一大個兒油耗子。
0,暫時還沒發現不滿意的地方
0,感覺它的價位有點高了，因為買的時候沒有優惠……
0,感覺它內部中控台部位的設計太缺乏美感了，可能是因為過於追求呆萌風格的原因，包括中控顯示屏在內的所有設計顯得太小巧了！
0,不太滿意外觀吧，這款車的外觀有點呆，算是霸氣不足呆萌有餘的那種，雖然老婆和女兒都很喜歡這種呆萌長相的車，但我一個大老爺們還是有點不滿意的
0,車子是二輪驅動不是四驅，動力受到了點影響，但考慮到這個價位也勉強能接受了。
0,雙離合確實有些頓挫感
0,起步轉速高，換擋轉速高，微微的頓挫，後排座椅不舒服
0,車子的漆面比較薄，上次在地庫裡面拐彎的時候不小心擦了一下柱子，結果直接把底漆都擦出來了，看起來面漆知識很薄的一層，自己花了300塊錢噴了一下，很是鬱悶。
0,後排的空間不是很滿意，朋友身高182，後排也就不到2拳的腿部空間，雖然在b級車裡面不是最差的，但是作為新能源車型起碼也應該做標桿啊。
0,後輪帶起的石子擊打輪轂時聲音比較大，還是挺影響駕駛心情的。
0,空間設計的有缺點，車內的儲物空間實在是太少，尤其是放水的地方基本很難找到，中間的水杯座設計了兩個地方，但是只能放一杯水實在是反人類工程設計啊。
0,車的噪音控制能力一般，跑高速的時候風噪會比較大，在車內感受的比較明顯，影響了舒適度。
0,不滿意的就是車子的小細節了，說實話這車的內飾材質算比較良心的了，但是做工還是稍微有點粗糙，不少細緻活的水準還是沒合資到位，在內飾細節真的是差了點火候。
0,電池續航里程太短
0,車內的做工感覺一般，有一些看不到的地方比如方向盤下邊手摸進去會有毛刺。
0,一些重要的功能車子沒有配置，比如說膝部氣囊、胎壓監測裝置甚至是前霧燈這些保安全的功能都沒有，這點真不應該。
0,車子的隔音一般，低速行駛還不是很明顯，高速的時候胎躁感覺比較大，把車子的舒適性和檔次拉低了。
0,內飾，內飾，內飾……說到底就是色調不搭配，材料手感也比較普通。
0,視野一般，沒有備胎怕怕的
0,中控異響！好幾次開車的過程中都出現這問題了，到最後也沒研究明白到底是哪兒的問題，我想在製造工藝上國產車還是很有進步空間的
0,有些細節的處理上還並不是特別到位的，比如內飾的接縫處，摸著有點扎手，在工藝上還是有提升的空間。
0,2.內飾設計稍有不合理，水杯位太少了，只有中控位置上有兩個相隔很近的水杯位。
0,淺色的內飾，雖然很優雅，但太容易臟
0,內部的儲物空間不夠人性化，門板和儲空間坐得開口都不算很大，甚至還礦泉水都放不了幾瓶，這點是減分項。
0,內飾是淺色的，雖然能給人營造一種輕鬆溫暖的環境，但是不耐臟啊，而且電池續航里程太短了。
0,製造工藝還是和合資車有很大的差距，瑕疵太多，不是這有毛病就是那有問題，新車60公里的時候已經拆過中控維修過了，許多科技化的電子產品非常不穩定，時常會抽風
0,內飾太白。沒胎壓監測、沒行車記錄儀、自帶導航破。
0,最不滿意的一點暫時沒發現，真說不足的話，就是一些小細節方面了，比如內飾色調搭配，儲物格造型等等。
0,內飾一些小細節方面做得不是很好，中控看著比較老套古板，配置方面小的細節配置不到位。
0,真說最不滿意的一點我就只能把矛頭指向內飾了，材質跟整體的做工都還可以，唯有色調比較坑，白色面積有點大，平時不耐臟，稍微蹭點油污就麻煩了……
0,不滿意的地方有兩點，第一，對於二十幾萬的車來說，內飾格調總體還算比較高端了吧，但是榮威e950的細節處理不到位，用手去摸的話能感覺到毛刺的存在。第二點，隔音不好，車子開到一定速度之後有胎噪。
0,中控太太太太太太老氣，顏色太太太太太太淺，幾乎白色，太不耐臟
0,價格比汽油版的高不少啊，配置還少。
0,做工有待提高！沒有遮陽簾！沒有胎壓監測！內飾顏色太淺，沒有選擇餘地！電池續航里程有待提高！中控太土了，操作繁瑣，不實用！保險有點小貴！
0,內飾素白，不耐臟，需要經常打理。
0,感覺車子還是有很多問題沒有設計周全，冷風空調突然會有風口變成熱風。感覺用油的時候通風口有異味，新車開了3天暖風水箱就裂了
0,車內儲物空間不夠多
0,沒有備胎，以後萬一出現爆胎了咋辦~
0,車子的動力怎麼說呢，0-80碼之內開起來都是蹭蹭蹭的上來了，但是到後期就有點跟不上勁的感覺了，畢竟是混合動力嘛~不過作為車主，我可以接受。
0,不滿意的地方肯定也是有的，先是做工方面並沒有想象中精緻，並且找不到遮陽簾、胎壓監測……要是再人性化一些就棒多了。
0,輪胎不夠安靜
0,不滿意的地方就是車子的內飾了，首先顏色我不喜歡，淺色看著一般並且不耐臟。第二點就是榮威e950的材質和做工表現還得再改進一下，板材薄，車子的隔音就不好，後續跑車的話會有胎噪，影響舒適性。
0,充電樁總有問題，充電不穩定，修理多次了。
0,後懸掛不是獨立的，沒有一鍵啓動，沒有翻蓋倒車影像
0,沒有中控大屏，要自己安裝，有些路段胎噪大
0,後排座椅。正在想辦法把腳墊高點就舒服多了……原裝配件比較少，改裝加裝沒有一個標準參照，只能在汽車之家多讀一下貼子！
0,要說不滿意應該是斯柯達的定位了，安全氣囊略少，兩萬一個級別，跨度有些大，相比其它合資國產車來說，創型版都沒有定速巡航，如果斯柯達講定價寬度定在一萬一個價格，相信這車銷量肯定能夠上來。
0,剎車，剎車，剎車！重要的事要說三遍，yeti的剎車太軟了，我一點信心都沒有，好幾次差點親到前面美女的屁股上了，現在跟車都遠遠的不敢靠近，經常被別人插隊！
0,車內味道比其他新車大另外家裝外掛輪胎6000實在是太貴了
0,小眾車型，改裝和裝飾配件太少了，讓喜歡搗鼓的車主增加了難度。
0,剎車有時候會尖銳的響，但4s店的師傅說剎車盤上的金屬點還沒磨好，讓我再開段時間，不知道過段時間會怎麼樣
0,目前沒發現不滿意的地方
0,後排座椅靠背矮小，對身體沒有足夠的支撐，長時間乘坐影響舒適性，不過後排的靈活性很好，對搬運大物件很有幫助。
0,總感覺車室內會有嘰嘰喳喳的小異響。每次下車不經意總會把褲腳給弄臟，沒有腳踏板！
0,外觀個性有的說很方正，有人說很醜。兩個極端。呵呵。後備箱有點小，如果再大點就好了。再一個天天看到dsg變速箱問題，希望加強質量，別中招就好哦。
0,座椅還是擰的真他媽彆扭開累了服務區想躺會擰半天……罵街……休息完回位又擰半天接著罵什麼難聽罵什麼……尼瑪……右側還沒有扶手跑長途累啊??
0,剎車軟！密封差！胎燥大！車內低速異響！
0,我問你上汽斯柯達，加個前排中央副手能多花幾個錢？加個真皮方向盤能多花幾個錢？
0,儲物空間稍小點，第二排座椅底部稍短。
0,速度起來後車門膠條有口哨聲，聽說天窗會漏，希望別碰到。。。
0,簡配了……雷達，胎壓監測，前中央一體扶手箱……全景天窗都標配了，難道這些配置很貴很花成本嗎？
0,現車太少急著用所以只提到了低配版。
0,配置，低配有些配置不該省，比如胎壓，比如扶手箱，還有就是減震硬了點，隔音不是很完美，音響不是很好
0,大多數認為配置低了點。
0,閹割了倒車雷達和後門喇叭，成本不高，卻要後期大動作加裝，完全就是找不痛快；
0,音響不好，空調聲音偏大，行駛過程中發動機聲音偏大。不背小書包的話牌照位置偏高，倒車攝像頭很顯眼。
0,因為預算的原因，沒買帶小書包的高配，要是標配有小書包就完美了。
0,買的人少，所以車的周邊比較少。我的這輛車方向盤比較重，不知道是整系都是這樣，還是就我的。提車的時候有兩台，兩台方向盤都很重。
0,不滿意的地方，應該是胎壓監測吧。居然沒有胎壓監測，心裡始終惦記胎壓，過不了多久就要找機會找地方監測下看看。真心麻煩。至於別人說的中控扶手箱，我倒是覺得可有可無。
0,輪胎噪音及天窗異響、後排座椅短，長途坐肯定不舒服，但是腿部空間沒的說，同級別我覺得還是很有優勢的，尤其是腳部空間，因為前排座椅比較高，腳部空間比較大，滿意。
0,簡配簡到沒倒車雷達就很不滿意了，居然連小書包也不能選裝，還舔個臉在參數里寫4459騙人
0,不帶倒車雷達，確實不帶勁。16款確實不應該簡配這個，我寧願不要全景天窗，給我個倒車雷達和胎壓檢測。
0,後排座椅短
0,氣囊少，前排才兩個，還好車子重，比同級別的日本車安全點！沒有扶手箱，自己加了個。沒有倒車雷達，感覺倒車總是小心翼翼！這點也要吐槽一下！
0,配置太差了預算問題我買的是低配，基本上就沒有配置~~倒雷影響導航扶手箱一概沒有。氣囊似乎只有兩個！無奈再上個檔次起碼加2萬~~我忍了。
0,別說安全皮囊了，連個扶手箱都沒得，倒車雷達也沒有，中控也沒有大屏幕，藍牙也不裝一個，大燈不夠亮無透鏡，摳門到家了，簡配太厲害，都不讓選裝書包，一大遺憾，
0,太喜歡這車了，自己在某寶裝了路暢t800，導航、倒車可視、行車記錄儀什麼都有了。如果說不滿意，就是只有兩個氣囊，側氣簾沒有，胎壓監測沒有，這些成本不高，應該可以有的。
0,安全氣囊有點少
0,會被當成小面，在農村路上被攔了幾次了，人家肯定以為我是出租拉客的小面的！
0,車內燈光偏暗，做工仍有瑕疵，內部偏簡陋不過畢竟低配要求不能那麼高
0,就是擔心dsg，其它沒有什麼不滿意的，很多人說跑起來胎嗓大，我沒什麼感覺，可能是沒開過好車的原因吧，感覺可以接受，我開車少，但坐車還真不少，大多數車都是跑起來有路面的聲音吧。
0,外觀，真心有點不大好看，不符合大眾口味，但屬於耐看型的，越看越好看，外掛備胎的基本上沒什麼難看的，還多了一份越野範兒。
0,後排座椅太短，沒中央扶手箱，沒倒車雷達，胎壓監測、自動大燈，定速巡航，這些常用實用的配置，而且也沒多少錢。
0,"外形容易被人誤認為野的正如其本身的名字一樣野帝=""野的」嘿嘿開個玩笑哈"
0,氣囊真心少，胎噪蠻大的，城市油耗有點高，後備箱空間小（後備箱再多個十幾釐米就好多了），中央扶手也沒有。
0,後備箱稍小點，車子再加長10釐米就好了
0,首保發現前懸上臂連接件有輕微生鏽，天冷了冷車打火後有嗚的一聲嘯叫，熱車沒有。
0,因為乾式7dsg所存在的隱患，斯柯達應該為2016款換裝新速派上的濕式7dsg，這樣會讓消費者少些顧慮，多一些安心。
0,新車真皮味很重，開窗散了150小時。低配簡直就是麵包車，逼著加3萬多買尊行高配。為什麼外觀差那麼多？
0,胎噪，胎噪，胎噪，
0,沒有倒車影像，沒有倒車影像，沒有倒車影像！
0,沒什麼不滿意，非要說的話，就是後排空間很小，當然買它必然是不需要後排空間才買，喜歡小車必須付出代價咯，再有就是擔心這台dsg變速箱，有點迷糊，但是太喜歡，拼了！
0,只能是車身灰色，加上內飾黑色，造成整個車子變成一個吸熱機器，夏天車內起碼得有50多度。怪自己的選擇
0,簡配厲害，原配連倒車雷達都沒有。做工還有待提高，有的地方縫隙還是挺大的！
0,後背箱的確不大，是沒有後掛備胎的原因。扶手箱減配了。
0,一檔提速太慢
0,目前感覺大燈在夜晚亮度不夠，a柱有點擋視線（這沒辦法為了安全）胎壓監測沒有，沒幾個錢的事這不應該，還有側氣簾沒有......
0,沒有胎壓監測裝置·高配有的
0,內飾，後排座椅的舒適度低了點，還有就是簡配了手扶箱和沒有胎壓這2個簡配掉我覺得不應該
0,dq200無主動散熱系統，變速箱可靠性問題費事。電瓶由瓦爾塔變為駱駝。訂車太難，本來定的手動擋，結果等了66天放棄了，改提dsg版rline
0,沒有電動座椅很不厚道！高爾夫七比高爾夫六簡配了，我認為這樣做真的不厚道！
0,後排非獨立懸掛，在過不太好的路面時，那個顛啊…感覺人都要散架了。另外這個價位的車，還要對變速箱的可靠性時刻提心弔膽，感覺對於這麼個大品牌實在不應該。
0,日行燈吧手動座椅倒是沒什麼了倒車影像也沒有還要自己出錢換了個翻蓋的效果不錯能和原廠屏幕兼容還有前置雷達也可以..就是費點錢了
0,輪胎批次趕上了韓泰！急加速經常打滑，抓地力不行啊真心！大傻瓜經過低俗跟車經常壓離合的經驗之後感覺，還是不太行啊！總堵車跟車的時候明顯有點打滑以及剎車力度不太夠了的感覺！
0,跟大部分阿蘭車主一樣，不得不吐槽一下，落地17、8萬的車，居然沒有電動座椅。空調也是手動的，實在是有點，呵呵
0,不帶價格和配置的性價比就是耍流氓。4米2的小車，17萬的標價，手動空調，旋鈕座椅，板車懸掛，dsg可怕的穩定性，我能說這是性價比最低的緊湊型車嗎？
0,後懸掛的確夠硬的，後排空間雖然還好但是不夠大。
0,不滿意的地方至少現在對我來說，我沒有什麼不滿意的，要是非要挑出來不滿意的，我覺得要是有後視鏡電折疊，電動座椅和自動空調可能會更好一點，哈哈，只是說說要是能滿足更好，滿足不了也不影響對rline的喜歡。
0,玻璃太薄，熱啊！大燈太暗，實在忍不了改了氙燈。
0,目前發現的最明顯一點兒，噪音比較大，尤其是雨刷，後期要不淘個寶，給換了；其他的等再有情況報告吧；
0,油耗趕緊感覺這麼小的車8升多有點高·同事的騏達優惠油耗低好多·4s店師傅說過了磨合期油耗會降下來~--希望是這樣子滴·
0,無平均油耗顯示，方向盤有點重。
0,送的裝修店的貼膜不好，技術也不過硬有氣泡。
0,動力不足，發動機聲音較大
0,最不滿意的還沒發現
0,駕駛室人機工程設計的有點不合理，座位往前調，手能夠舒服搭在方向盤上的時候，膝蓋會頂到駕駛室。座位調到膝蓋頂不到的時候手基本上都是直直的抓著方向盤，長途開車很累。
0,車起步剎車異響！還有就是配置上缺少鎖車自動升窗！
0,提速真的很慢1—3檔頓挫利害
0,好像只有一次免費保養！以前是三次啊！
0,"1,車速上了100公里/每小時，提速很慢；2,倒車感覺有點不太好控制，搞得我的小白屁股被電動車擦了下；3,高速速度上去有點飄！其他的暫時沒發現！"
0,胎噪較大，粗糙路面與光滑路面比較能差上10多分貝，我又不能要求路修的多好，，，
0,動力稍稍有點不足，不過也就1.5的排量，上下班開開的沒什麼
0,動力不夠，聲音大，油耗高
0,座椅不帶加熱功能，這個沒有感覺少了點什麼似的，北方現在還是很冷的，沒有座椅加熱真的是自己挨凍的味了，沒辦法只有自己慢慢去暖了。
0,導航，跑高速直接不能用，一會就卡死，一會又好了，提速聲音，一千五到兩千轉的噪音，過了兩千轉就正常了！！
0,隔音效果有點差，這點不知道是不是我個人的問題。每次開車的時候老是感覺車裡面的噪音很多呢
0,較之老款細節上有減配，駕駛員側文件盒沒了，多功能方向盤減了藍牙電話按鈕。
0,裝工具的地方在車座下面，空間太小了取放太不方便，真要是路上換個胎太麻煩了。
0,道道通導航是個雞肋，非常不好用，定位總死機不動，到家了它又活過來了
0,都說日系車漆面軟，看來是真的，路上的小石子打在門上也能把漆打穿，我也是服了。在路上跑著跑著，就會有很多莫名其妙的小擦傷，完全不知道怎麼弄得，都是走的好路啊！！！馬路牙子我都從來不上的
0,減配太嚴重！自經沒有內襯板，後輪鼓剎，更可惡的是收音機都沒有，你給我那麼長的天線是為什麼呢？？？還有就是隔音不是很好，速度上來後，胎噪、風噪、以及石子擊到車子的聲音，簡直是大合唱呀！
0,減配太牛逼了！內襯板，胎噪音很明顯，鐵輪轂，2個音響，喇叭聲比電動車稍微好些…
0,內飾質感確實比較差，一分錢一分貨吧，最關鍵是當時買沒優惠，沒優惠，沒優惠！！！
0,噪音，後輪沒內襯，非常難看，原車的低配儀錶盤很不爽，加高配儀表就爽了，這點本田也太摳了，情願開兩個磨具，也要分高低配儀表。還有沒中央扶手
0,配置！！！配置！！！太低了！！！
0,配置太低了，中控沒導航沒扶手，輪轂也不好看，沒有擋泥板，畢竟裸車便宜，都可以加的，我加了那些東西就差不多10多萬了。
0,簡配太嚴重，好多東西都沒有，鐵輪轂，不過好歹有個輪轂蓋，沒有座椅高低調節，隔音略差，不過後期都能改，還有前面的1米長的天線，挺醜的
0,減配，減配，減配，重要的事情說三遍，低配連個收音機也不給配，無聊死，收音機不給也忍了，就連後輪內襯擋泥板都沒用，就兩個大洞空著，主駕沒化妝鏡，後排沒扶手，無話可說。。。。
0,最不滿意就是低配低配低配，重要的說了三邊，都懂的。
0,配置！2016年了後輪還是鼓剎！！經典版沒有收音機！臥槽！噪音有點大，跟我的樂風不相上下
0,胎噪有點點大不過在接受範圍內，保養價格稍高。
0,自動經典版的配置低到離譜。
0,高速行駛，輪轂處胎噪很大，後輪加隔音棉也沒什麼用處，可能跟輪胎有關.建議不上導航的話，就裝收音機一樣有usb口，可以用u盤聽歌，cd機比較雞肋，容量小盤片壽命短.
0,自動經典沒有霧燈，儀錶盤顏色居然不是白色的看著真不好看，鋼圈都是鐵的，好歹上十萬的車啊這樣簡配還想不想賣車了
0,內飾內飾內飾簡配簡配簡配，重要的事…三遍…，座椅織物的，鐵輪轂，中控是一塊塑料板，鐵皮夠薄，後排連個頂棚拉手都沒有，霧燈也沒有，一塊塑料板太難看，後排沒有空調出風口，後排也沒有喇叭，也沒有側氣囊。
0,自動擋經典型配置太簡了，聽音樂地方都沒有，我直接加裝了10.2寸大屏，倒車影像，音樂，導航都有了。還有就是鋼圈輪廓太難看了。沒有前霧燈，倒車燈就一個。
0,聽說直噴容易積碳，發動機嬌貴保養貴，自動經典前置的天線寶寶，甚至連b柱都是白色的，橙色的儀錶盤也不喜歡。當然這些我買車時都沒主意，買車時只關注哥瑞帥氣的前臉了。
0,做工差了點，經典版簡配太嚴重，發動機噪音稍大，隔音這一點真心不行，不過想到一分錢一分貨，只能這樣了。最重要的是座椅竟然沒有高低調節，非常不爽，這麼重要的本田竟然去掉了。
0,胎噪！胎噪！胎噪！重要的事情說三遍，隔音效果不好
0,隔音效果太差了，內飾差，簡配到收音機都沒有
0,最不滿意的當然要數配置了，經典版配置太low了，中控一塊板，後輪無內襯，天線巨長，鋼轂，無倒車雷達，無收音機等。這配置也沒誰能拼得過了。
0,胎噪，風噪簡配十分嚴重建議上頂配或低配自行加裝。
0,配置太低，能省下的全給省了，實在太摳門了，舒適度一般，後輪鼓剎是一大敗筆啊！！！
0,減配厲害、駕駛員附近儲物空間太少。隔音差了些，噪音有些大。沒內襯擋泥。軸距短了點能將就，另外就是沒有行車安全落鎖，這就提醒我們駕駛員主要鎖車門。
0,沒有行車安全自動落鎖，這是我目前來說最大的不滿意。
0,動力稍弱！噪音有點但個人對噪音不明感！目前行駛公里數不長！還沒發現大多數朋友碰到的小毛病！只是16款導航並不是很好用！
0,瀋陽三菱生產的4a91的發動機，噪音大，起步聲音很大，稍等一會聲音會小下來。怠速時車身抖動，起步動力不足，舒適版沒有航空屏。低速時會有頓挫感。
0,減配厲害擋泥板扶手箱居然都沒有車身太輕開快會飄發動機聲音大了點喇叭聲好難聽電動車的感覺……
0,除了減配太厲害還是減配太厲害，中央扶手箱都沒，還有就是噪音太大
0,新車氣味較重，4月底提車到現在偶爾還能聞到一些氣味，可能竹炭包又得曬曬了。車子的縫隙稍大，大氣的外觀被拉低不少。
0,空間，頂配偏矮，後排光線不是很好
0,發動機噪音大，輪胎噪音也大，
0,內飾設計雖然也偏時尚風格，但是硬塑材質並不夠精緻和上檔次。
0,市區跑開空調油耗比較大。
0,起步很柔，每次起步先給一腳油再來加油提速有點不適應，cvt的車是不是變速箱都有異響了？新車氣味有點大，
0,漆面薄，不耐掛。3000--4000轉時，發動機提速稍慢，且噪音難聽。
0,裝配質量有待提高，2000轉以上發動機聲音大
0,油耗比預先所知的要高.這個可能和我在市區經常等信號燈或車多有關！
0,這個價格，這麼帥氣的小suv，也沒什麼不滿意的了，非要挑一個的話，那就是內飾了，用料比較一般。
0,無天窗，外後視鏡不能電動折疊。
0,"原車沒有導航,雖然可以和手機互聯,但要一大堆的線使車內變的很凌亂,後座不能放倒,中間沒有扶手,也沒有頭枕,車窗玻璃縫隙大,雨刮器刮的不乾淨,大燈氣霧,急加速發動機嚎叫聲較大."
0,最不滿意的就是後來竟然是鼓剎，雖然能剎得住，但是非常的不好看。
0,這車不滿意的地方就是後輪剎車，後懸掛，高速行駛為你帶激情澎湃有孩子老人過坎過橋要慢
0,隔音效果不好，上到80車里的噪音開始大了，下雨天大燈起霧、倒後鏡沒有轉向燈、後輪還是鼓剎，差評
0,空調4檔風量後聲音明顯
0,噪音有點大，上了60開始就有風噪和胎噪，80開始難以接受了，高速5個人開110有一點飄，車輕沒辦法、不夠厚實！門裡面沒有隔音棉，只有一片薄薄的海綿
0,鼓剎鼓剎鼓剎，急加速有點吵！
0,目前還沒有碰到哪裡最不鰻滿意的，實在要說，東本減配嚴重，風扇版都不帶倒車雷達。當然最後4s是送我倒車雷達的，只是還沒去裝呢！（4s還沒排到我）
0,過減速帶或超車壓那條虛線的時候，一直是我頭疼的地方，還有電驢般的喇叭聲，主駕駛上方沒有化妝鏡。
0,後輪缺少擋板和隔音棉，這點很差勁！
0,原裝喇叭聲音不夠洪亮，急加速時確實發動機聲音比較大一些，但可以接受的，後輪全系車型都沒有內襯和擋泥板，後排不支持放倒和中間乘客位置沒有配備頭枕
0,簡配厲害，舒適性不好，遇到不好的爛路，跟拖拉機似的。
0,就是地球夢發動機帶來的積碳問題，加大了保養成本，還有發動機噠噠噠的聲音真心不好聽，尤其怠速、加速油門的時候。最最最不能接受的就是後輪鼓剎！更是減配到沒有後輪內襯。！
0,本田車這個價格配置再好一點就完美了，但是我就是知道他配置相對沒這麼豐富買的，因為這樣就更能體現這車主要地方是更好的，不知道大家明白我意思嗎
0,風噪胎噪在80公里以上時比較明顯，後排座椅不能四六放倒，沒有胎壓監測功能。
0,最不好的就是後輪沒有內襯，還有就是輪胎相比同級別的車要小
0,簡單說幾點吧，鑰匙醜了點，後排座椅不支持放倒，不用到的時候還好，要載長的物件就麻煩了，噪音確實有點大，沒開過好車，這點能接受，前盤後鼓的設計個人還能接受，比較不是開貨車的人。
0,噪音太大，第一次朋友開，就說像拖垃圾機，不過現在一直用econ模式，感覺聲音小了點，不知道一直這樣，會不會有什麼問題，不過想想既然官方搞了這一模式，肯定是讓人用的。基本在市區跑。
0,發動機的聲音有點大，雖說地球夢發動機，但當你開車時聽到些不正常的噪音，心裡很不爽，還有就是懸掛方面走個坑坑窪窪的車不是太舒服，不過價格都放在這裡很明顯了的，所以買之前也是有心裡準備的
0,都能接受。不知道別的車型什麼樣子，這個車，門板一按能按下去。
0,頭部空間，以及後排座椅不能放倒。頭部與車頂距離有點小，坐好後會有點壓抑的感覺。
0,才跑了幾百公里右邊空調出風口附近就有異響，到處是硬塑料。還有就是簡配太嚴重，居然原車後輪擋板也沒一個，看上去就一個大窟窿。這個價錢這個級別如果是國產品牌配置絕對是要什麼有什麼了
0,低速底盤調校減震差，高速車噪大，部分配置不全：比如車輪內襯等，贈品太少。
0,太簡配了吧後輪內襯擋泥板都沒有
0,隔音差了些，噪音有些大。沒內襯擋泥。軸距短了點能將就，高度差了些，容易頂著頭。沒有倒車影像就算了，雷達也沒。其他的暫時沒發現。
0,不是皮座位，原裝沒有自動鎖門和自動上下升窗
0,次頂配車型與頂配車型差距太大了吧，簡配過於執著。隔音方面希望下代能夠的到改善
0,尊貴版手扶箱里居然沒有usb接口，差評！！這兩天下雨，大燈里有霧氣！！提車連個紅帶都沒給我搞！！
0,做工再提高一點就好。另外行車自動落鎖的策略不太符合中國的國情，也不算太大的問題，只能改變自己的習慣去適應新的鎖車策略。
0,我的行車喇叭有時響有時不響兩邊輪眉太突出
0,後排中間凸起太高不爽，動力一般！
0,後排中間凸起太高，後備箱門下有一點掉漆，不是很明顯，
0,讓我等的太久了，回車有點慢
0,最不滿意的是定車最快一個月到家，不過喜歡，早一天晚一天都可以的
0,1.5排量稍微有限小，不過也可以接受
0,沒優惠
0,不滿意的當屬裝配工藝了縫隙不是很均勻車門有輕微不平整工藝調整有待提升不過買車就和娶老婆是一樣的你接受她的缺點就必須得包容她的優點愛屋及烏嘛
0,沒有什麼最不滿意不過開車總結下來覺得a柱有點影響視線呢其他的也沒什麼覺得特別不滿意的
0,車漆太薄，內部做工需加強，後備箱偏小
0,車內氣味，大燈有霧，而且上饒4s店提車的時候還說就這樣
0,後程加速不是那麼滿意。也許是因為我我開慣了柴油350。還有原說好360為標配。結果現在不論車型全部選裝。。。這不好。。。
0,細節、品控有待提升
0,訂車小登了一段時間
0,後排的隆起了吧，總感覺看著挺難受的，不過還好我一般帶不到五個人
0,高配車型應該標配360全景攝像頭
0,330的變速換擋邏輯較其他suv，有明顯的區隔，低轉速的提速能力略顯滯後！
0,油耗！
0,後備箱有縫隙並且估計是剛做suv天窗臟沒保護好今天剛剛提車純新手開著感覺蠻好視野也好這也是為什麼選擇suv
0,後備箱小了點！
0,方向盤有點偏輕，太過靈活，個人蠻偏向稍重一點的，手感好一點。
0,後備箱太小，
0,起步肉了一點，剎車有點軟
0,最重要的就是想問一句，前兩天有哥們發評論說手動擋的外觀跟自動擋的差了很多，帖子為什麼被網站刪掉啦？為什麼要刪車主評論？可以公證一點嗎？可以不那麼坑嗎？
0,提車過程，不多說，都是淚。
0,目前還沒有吧，
0,後排座椅稍硬，舒適性不夠；說好的360全景影像成了選裝
0,目前為止還沒有不滿意的
0,要說最不滿意的地方還沒有。因為都覺得還可以接受。非要說得出來的話，那就是希望時尚版後排出風口能給個
0,a柱是盲區
0,可能是因為運動底盤的原因懸架有點硬
0,做工不是很細膩！有待提高！後排凸起有點高！後排沒有出風口！中高配都沒有gps這個不是很理想！空調自動的就好了！行駛過程中，門上鎖內部也能打開，外部打不開！這個不是很好！
0,行駛過程中隔音還不夠好。
0,車燈起霧，聯繫過廠家了，正在等處理結果
0,底盤，硬！！還他媽的沒質感，路不好感覺好雜亂無章
0,異響，內飾
0,剎車距離長，沒有車身穩定有時候會打滑
0,隔音略差，沒有行車自動落鎖。
0,噪音太大了，減震也不好，感覺過減速帶，後排都要飛出來。
0,廣州限牌，銀行貸款又不批，車很滿意的
0,怠速噪音大，減震硬
0,想必大家都一樣，減震和胎噪，還要吐槽一下，居然後備箱燈都沒有，esp人家致炫標配了，飛度如果把16款天窗改成全系標配esp那麼相信市場競爭力會更強
0,隔音，隔音，隔音，避震，避震，避震，重要事情還是要說三遍。
0,外形還有待改進，還有就是鑰匙沒能給個折疊的，輪轂不能給個鋁合金的。本田也太摳了！優惠太少了，後備箱有點小。
0,直噴發動機易積炭，需用添加劑保養費用增加，發動機加速其聲音有點大，不過平順加速這種聲音又聽得舒服很多。
0,車操控一般，減震極差，奶奶的被坑了，因急用，價太高了，想起就後悔怎麼會買這款垃圾車。
0,皮薄，容易擦花。外形一般。
0,懸架比較鬆散，在環路上開不平的情況下沒什麼信心。另外噪音大，方向盤有虛位
0,噪聲比較大，胎噪聲比較大，聽音樂只能蓋住一丟丟！
0,你不滿意有點噪音過大。
0,胎噪太大，太大。像皮卡一樣。配置太少esp都沒有。
0,避震，噪音，
0,沒有魔術座椅，大愛的魔術座椅，可惜818款沒了魔術座椅。聽說維修保養貴，但還沒到首保，聽4s銷售說二保也就380元左右，應該還好吧。
0,減震太爛，隔音不好
0,買機頭送車殼的車，什麼都沒有，減配減配，把天線弄到後面去就沒優惠，操！你不想聽音樂的話，胎噪聲也不錯！前排坐著挺舒服，後排那個滋味，你懂的！
0,噪音和後排減震
0,車門有異響，4兒子說都是這樣的，用了點表板蠟好點。中控台用料有點不地道，塑料感太強，整車喇叭只有前門兩個，連個高音頭都能省，這點真不厚道，真是合資車的通病！
0,偶爾有點異響
0,避震和隔音比較不好，每次過減速帶硬邦邦的，隔音也很差
0,噪音，座椅，特別是後坐，太難受了，我只坐前面，哈哈，你們懂得，輪胎低配版，太硬了，低利率，沒性價比，換台節奏
0,比14款簡配了後面喇叭線，半隔熱防紫外線玻璃，不爽！舒適度不高，胎鈴確實難看，全款標配鋁鈴，四輪碟剎就完美了。但對於這個價位的合資車還是可以接受的。。愛一個車就是如此著迷，哈哈。。
0,該死的噪音、噪音、還是噪音，無論胎噪、風噪還是發動機噪音，能讓人崩潰；懸掛那調節得不是一般的硬，過減速條我都能飛起來！
0,配置低，內置裝飾很簡單。開車時發動機轟轟響。這個價格覺得有點偏高，還講不下價來
0,反正10萬內能要求什麼
0,噪音稍大，減震一般
0,懸掛硬，噪音大，那是我所能接受和愛上他並包容他的一點小脾氣而已！
0,噪音，噪音，噪音，跟麵包車一樣吵死了
0,隔音效果差，胎噪聲太大
0,魔術座椅沒有了吧.還有原廠隔音確實不行.音響顯然也不行.不過可以改裝嘛哈哈
0,外觀，我不懂車，但是我覺得車最難的是底盤，發動機，變速箱，外觀我不知道為什麼不造的大氣一點，還有就是配置，又不要求加很高的配置，閱讀燈都沒有，這個成本不是特別高吧，
0,坐後排噪聲大得會讓你耳鳴
0,除了鼓剎別的我都愛我的小飛
0,太顛，隔音問題這個真要好好解決一下，噪音是大了點，但是還能接受
0,駕駛位座椅
0,nvh
0,路噪和減速拉扯感，不過也就那一個速度區間內，習慣一下還行。
0,還是感覺車子太輕了，開起來不夠厚重。不過這麼點大的車也就這樣了。最最要說明的就是車窗的密封能做的再好點，壓條橡膠能擋雨就更加完美了。
0,噪音抑制還是稍差，不過考慮價格就釋然了
0,噪音太大，車門鑰匙孔超級醜！！沒有原廠尾翼也超級醜！！
0,懸掛硬，沒有一點過濾性可言
0,噪音，噪音，還是噪音。方向盤輕了點
0,我真的沒什麼不滿意
0,方向盤對於男生來說太輕
0,車子隔音差，車箱內噪音大，吵人
0,前後輪減震比較差，但把氣壓放到前2.2後2.1以後舒服挺多，但過緩衝帶還是比較跳的！
0,最不滿意的地方就是避震硬，噪音大！特別是走爛路的時候，後排堅持被顛死的節奏！市區開窗，噪音有點大！關閉窗戶要好太多！
0,路過不平的地方有點顛，但是這個價位已經可以了。還有就是噪音有點大……是不是車皮太薄了的緣故，還是輪胎有關係啊
0,沒有esp，在高速中會感覺有點發飄。
0,最不滿意的是懸掛太硬，稍微有點不平整的路面那些震動都生硬的傳到車里。還有簡配太嚴重，居然連後門音響，霧燈這些都簡配了。魔術座椅的缺席也是很遺憾。
0,噪音真的比較大，但符合這個價位平均水平，安全配置比較低，喜歡車身穩定系統等安全配置的朋友慎選
0,舒適性欠佳遇到坑就得躲輪胎的噪音大想1w公里換一條靜音胎懸掛太shi激烈駕駛毫無信心
0,後懸掛減震不好，太硬。
0,沒有esp
0,隔音，懸掛，舒適度
0,用車時間還短，還沒有足夠的發言權，避震懸掛稍稍微有點硬，看過了，大家都一樣！都在城市裡跑，問題不大！
0,減震硬。噪音大。b柱還有異響
0,懸掛太硬，後輪骨剎，還有就是隔音走爛路坐車里聲音太大，有點受不了
0,噪音大，內飾簡單，密封不好。
0,噪聲實在是太大底盤傳來的還有胎噪做個全車隔音這車就完美了
0,一些細節吧！很多小部件松松垮垮的！讓人不是很放心！
0,配置稍微有一些低，沒有自動中控門鎖，小孩坐車不安全，需要自己手動關閉，後備箱的縱深略微有些小。
0,舒適性一般，主要是過減速帶的時候彈跳比較厲害，要踩剎車慢點過
0,減震還是偏硬，底盤過濾性不好，路感非常的全面，過一些坑窪的地方還是慢慢來的好。底盤也偏低，不過城裡也沒有多少爛路
0,第三代飛度相對於上一代簡配了許多優秀的實用性功能：例如溫控儲存箱、後排隱藏儲物空間，大後視鏡等。缸內直噴發動機的「噠噠」聲明顯，影響駕乘感受。
0,這輛車最不滿意的是隔音真差，比14款簡配太多，減震太硬，輪胎抓地力一般，胎噪聲較大…都需要後期改裝
0,：噪音有點大
0,s擋超車時的發動機嘶吼聲吧，但可以接受，還有就是低配得後排座椅，要是能換成魔術就好了
0,容易乾水，
0,車身價有點貴，如果能夠再實惠些，應該有很多人會選擇五菱這個牌子的車。不過起步時反應有些慢，這個問題日後需改善。
0,後面還有
0,"噪音點點大，還有就是頂部的天線.要是弄成鯊魚的,再把輪子加大,車身加寬就更完美了,但這個價格還是在接受的範圍內"
0,五菱的裝配啊，很是讓人但心！
0,油耗高，剎車不給力。車漆薄。內部裝飾一般。
0,說到最不滿意的就是拿車出來就發現按啦叭雨涮會涮一下，都不知道那個線路有問題，在4s檢查了大半天還沒查出問題，無語了。
0,扶手箱空間太小了，其他沒毛病！
0,價錢有點高，什麼也不送！開始說送菜籽油，和一個洗車拖把。銷售員說下次來給我，可我每次去他都說沒有。這讓我很是惱火！
0,對於新手來講那個離合器行程確實長了點。方向盤下面有個孔，有次手指放進去試下有那種黃油，不知道怎麼回事。
0,離合行程有點長結合點不好找，高速噪音有點大，
0,前面異響，不帶天窗！
0,四門車窗不能一鍵升起，座椅感覺有些硬。
0,異響，車窗異響，中控台異響，車行駛在不是很平整的路面共振異響，這都成為宏光傳統了，胎噪大。底盤單薄，踩離合器低速換擋還是有響聲，聲音小了點。還有就是新車氣味大。
0,用了一段時間感覺車子有異響還有市區開的話油有點偏高
0,無esp，這個真不應該省，歐尚都有esp了尊享居然沒有
0,這款車的離合行程有點長，也許是對於新手來說是需要一定的時間適應。還有就是異響，這個已經快成了五菱的傳統了，異響中控，車窗異響，行駛在比較不平整的路面共振異響，胎噪也較大，也許和我平時裝貨比較多有關。
0,首保是就是換了三油，螺栓沒緊固
0,油箱太小了
0,目前沒太注意以後發現再說
0,沒有esp，帶家人出去玩不放心
0,車內飾味道大，傳動軸有共振（自己感覺）
0,感覺傳動軸響
0,油耗在低一點點
0,離合有點不適，新手需要練習容易熄火
0,雨刷刷不乾淨，不知道是不是壞了
0,五速手動變速箱不太滿意，高速跑一百km轉速都接近三千轉了。發動機噪音有點明顯，油耗可能有點高！要是像寶駿730配備手動六速變速箱那樣就完美了！！！
0,新車裡面的氣味，氣味比較大，好難聞，連不暈車的人，坐上車都受不了
0,我的車是白色的車，但是刷車的時候發現車身上全是一些黃色的小點點，很難擦掉。都說這是鐵鏽
0,內飾的塑料
0,掛1檔有時有阻礙感，其它情況下很輕鬆
0,高速行駛傳動軸還是有不小的噪音，還有就是變速箱剛開始不習慣，齒比應該叫偏高吧，只能一檔起步，二檔的話容易熄火，雨刷不是很好用，刮水不是很乾淨
0,車窗玻璃走爛路有異響，現在才一個月不到，以後不知道響成什麼樣了
0,噪音大，尤其高速100以上發動機噪音，胎噪，風噪，全都來了。
0,沒有定速巡航
0,就是聽說沒esp但是咱就是很少跑長途，也不會開很快！主要得安全駕駛意識，離大貨車遠點！！
0,能省的東西都省了，葉子板沒有內襯有點接受不了，其他都還可以
0,減震還有它的煤油燈
0,後懸掛硬，胎噪有點大
0,後備箱太小，第三排座椅不翻起來放不下多少東西。還有就是第三排座椅太矮了
0,內飾相比長安來說稍微粗糙了一點，不過這個價位也不能什麼都要求最好的。電子設備方面倒是超出同類車不少，手機遠程控制用起來很方便，還有app定位系統，總之電子設備是高端車級別的。
0,如果有自動擋就好了
0,裝配有待加強，我車屁股縫不對稱裝斜了導致一邊大一邊小，怪自己沒選好咯
0,沒有天窗，沒有自動擋（ps：如果有自動擋銷量應該會有大大的提升）
0,小問題太多！行車記錄儀壞了換過！前擋風玻璃膠條脫落！前保險槓醒膠縫隙自己變大！空調管出現個小洞換過！剎車才15000公里就沒了！
0,其實也沒有最不滿意的地方，如果要說一個的話，那就是動力，1.5l對於我們家用的話，一家人出去自駕游，平常上下班都是足夠的，油耗也是我能接受的範圍。
0,不滿意的也沒什麼，就是沒有天窗！其實有天窗也沒多大用處！
0,只能說動力吧，車重點，不過捨得給油那加速還是槓槓的
0,目前好沒有什麼不滿意的，不知道以後小毛病多不，
0,沒有日行燈，車窗也不能自動鎖。開空調時動力不足，也許是新車原因。電子地圖版本低，2015年的。售後服務有點跟不上。
0,就是動力還是不夠，在7座坐滿，開空調的話感覺動力會不給勁。
0,新裝的導航不是很滿意，有時候一直點屏幕，來回切換導航和藍牙，有時間會卡殼卡個5秒中....還有，我想要自動擋，可惜木有。
0,收音機信號基本上就告別收音機了a柱有點礙眼副駕沒有安全帶提醒油表下油不靈敏跟諾基亞手機電量一個概念多功能方向盤太突出容易誤按手機遙控不帶升降車窗app有待提升
0,如果有abs，那最好了，怎麼說呢，就內飾的處理，比宏光，h2要好些，多了個顯示屏，但安全配置真心沒跟上。主要是看個人挑不挑剔了。
0,車載電腦！一般般！功能一般！避震有點差！發動機聲音較大！
0,總的來說還行，就是在有些細節方面處理的不太好，對於有點強迫症的人來說，看著心裡就感覺有點疙瘩。門把手那裡的縫隙有點大，給人的感覺就是像要裂開了。畢竟就那麼個價格吧，想要它各方面都符合心意還是有點難度。
0,車太大，動力有點小了，尤其是跑山路時，明顯感覺1.5ｌ的動力不足，要是以後能在提高點動力ｈ３ｆ就堪稱完美了，但是想想價錢，也就彌補了平衡，個人的一點小意見，僅供大家參考！
0,感覺北汽幻速車噪音還是有點的，不過慢慢習慣了就好了，特別是車子起步時候，踩上油門時候有明顯感覺到噪音大。網上說做個隔音還可以，我還沒試過這個，下次有錢時候再做吧。
0,不知道是顏色的問題還是自己對白色的鍾愛，總覺得白色的空間大點，比試駕h3的感覺好多了，一開始的時候感覺方向盤不是很好用，然後去修理廠讓師傅幫我弄了一下感覺好多了。
0,車子的最後排不能拆卸，其他很多車子是可以拆的，第三排不經常坐人的時候沒辦法充分利用後面的儲物空間。
0,車標確實是難看了點，也不知一個朋友說這個問題了，另外幻速相對於其他品牌剛剛上市不久，質量方面的話，還是需要時間來檢驗。
0,動力稍稍有點不足，油耗有點小高，不知道是不是我不太會開的緣故。
0,最不滿意的新車是不是什麼優惠，但相對配置相同的價格，已經很不錯了！
0,剛提車，沒發現什麼大問題
0,動力一般般，爬坡還比較吃力，內飾翻毛皮材質，看著高大上，實際難打理
0,噪聲大，開的快了有噪聲，就是嗡嗡響那種，開始接受不了，後來也就習慣了，自己開的時候能聽到，人多一熱鬧就聽不怎麼到了。
0,新車也沒什麼優惠，不過這個配置相對同等價格，算厚道了
0,感覺北汽幻速車噪音還是有點的，不過慢慢習慣了就好了，特別是車子起步時候，踩上油門時候有明顯感覺到噪音大。網上說做個隔音還可以，我還沒試過這個，下次有錢時候再做吧。
0,最不滿意的就是開快了噪聲有點大，發動機動力強勁就有噪聲。剛開始的時候不太習慣，後來慢慢地也習慣了，我開車喜歡聽音樂，音樂一響就聽不見什麼噪聲了。
0,車子剛開不常時間，沒有感到太大的毛病，上坡時感覺排量有點小，有點吃力，畢竟1.5l的排量，上坡肯定是會吃點力的，排量大的車也貴啊！動力大了，平時行駛時也會費油，魚和熊掌不能兼得啊！
0,發動機噪音還是有，之前本來想下手的h3，但如果發動機聲音是神奇的速度的常見故障，國產車有點不足。希望可以得到改善，動力是有點不足，
0,國產發動機或添油，再加上身體有大又重，所以感到尷尬，有時我恨不得腳踏到底，然後飛出，新車不好太粗魯，所以我要慢慢的，溫柔的，其它還沒發現什麼，比h3小很多的噪音。開始或更多的肉，這應該是問題的發動機，
0,畢竟是新車，上手沒多久，不滿意的還是沒有，真要說上一兩點的話，那我就來說說這款車的價格真的是一點都不能少，死磨硬泡才少了幾百塊，不過送的東西多，還好能滿足一下我們消費者的心理。。。
0,儀錶盤的設計過於簡單，和整個內飾的感覺不符，這是設計為一個高端的一些h3f設計是完美的。只有最高端的車型配置了無鑰匙進入、一鍵啓動功能，建議改模型來滿足標準，配置是很實用的說。
0,變速箱檔位的設置，不怎麼合理，各檔位間轉速的銜接很生硬，開起來還是挺彆扭的。詳細的我會在操控那部分說明，這裡不多贅述。
0,最不滿意的就是車子的動力還是有點不那麼夠用，一般家用的話應該是可以了，主要我是用來拉客偶爾也會拉點貨，基本上都是滿載的走公路的話是還可以。不過我一般拉貨都是在市區跑的多，所以也不糾結。
0,個人覺得動力上有點真心不夠，提速略肉，還有就是感覺換擋的時候不是特別順，感覺檔位略有些硬，不過也要求什麼了，正常家用的話是完全足夠的。
0,：車標真的太難看了餵，我覺得北汽幻速的車標也是太low了吧，車子挺好看的，一下子被車標拉低了幾個檔次。改天把它給摳了！
0,：不知道是顏色的問題還是自己對白色的鍾愛，總覺得白色的空間大點，比試駕h3的感覺好多了，一開始的時候感覺方向盤不是很好用，然後去修理廠讓師傅幫我弄了一下感覺好多了。
0,沒有導航，沒有日間行車燈。
0,裝配還有待於改進
0,後備箱空間有點小，一般家庭也夠了，剎車不太滿意～
0,油耗，綜合達到12.4l，遠遠超出自己的預算，對於家庭用車來說，這個油耗確實太高了！
0,塑料味大，主要內飾裝飾都是硬塑料材質。現在車窗開關時總是有點抖動，不明白什麼原因。
0,"前懸掛有點軟，美中不足的地方就是配仿真皮座椅就完美無缺了,車門內飾條不結實，在烏魯木齊買車4s店啥都沒有送？"
0,天窗做成全景天窗就好了
0,車內味道有點大
0,全車內飾塑料件太多，後備箱太高，裝取大件有些不方便。少車身穩定系統！
0,動力上了70就比較沒衝力
0,1.5l的動力確實不給力，特別是起步的時候太肉了。
0,多媒體不能插光盤，以前感覺有些賣汽車cd的音樂特別贊就是不知道名字（不是動詞大詞的那種）o(╯□╰)o
0,現在剛開不久不滿意的地方目前還沒有，就是音響的音質不怎麼理想。動力方面1.5的差不多了
0,用車兩個月沒發現什麼大毛病，就是公認的減震比較硬，可能是彈簧短的問題。
0,現在還沒有對他不滿意的地方，如果必須說一個的情況下，我覺得這個車起步還是有一點肉（畢竟人生第一輛車，我還是很愛惜的，所以我不會對它暴力
0,喇叭的聲音太怯了。
0,沒有cd，減震偏硬
0,車身縫隙不均，尾箱後的字粘結不牢。
0,黑色座椅不喜歡，不過沒關係，買了座套，一下子美美噠……
0,噪音很大，開到80碼以上耳根子受不了。減震偏硬，底盤校准不到位
0,音樂愛好者的痛苦是不能很方便的聽喜歡的碟，要買優盤來解決。車內氣味很大，放了喜歡的香水，果皮，香樟條在打開車門的瞬間還是能聞到重重的塑料味。
0,備胎不是全尺寸的，太小了
0,偶爾在路況不好的情況下行駛，噪音就比較大了。
0,快速過坑的時候覺得車子很顛。
0,動力再大一點就完美了
0,放手剎的時候要手動按到底，發動機來勁叫慢。
0,後備箱有點小，不過對得起這個價位
0,動力起步較為平順
0,說不滿意就一個車外型有些縫隙是很緊揍，但問題不大，還是蠻喜歡的
0,現目前還沒有
0,後備箱空間稍微小點，再大估計也不是這個價格了
0,無倒車雷達，這一點無語了這連個倒車雷達都捨不得
0,後備箱的門居然是側開的，這個設計太大膽了點。後車門搞成側開顯得後備箱空間小了不少。個人還是比較喜歡傳統的上翻式後車門。不過，對於我這個不需要裝東西的司機來說，不礙事。看久了也慢慢習慣這種設計了。
0,舒適性不怎麼好，主要在車子的噪音上
0,不滿意的地方就多了，內飾用料相當廉價，噪音方面也很大，各種地方都會容易產生不滿
0,動力弱、變速箱愛出問題、剎車軟
0,內飾，內飾太差了，內飾的用料給人的感覺非常非常的廉價，全是那種硬的塑料，沒有導航，配置不怎麼高。
0,噪音相比前驅大些
0,車子確實噪音會偏大一點，不過這個可能是後驅的車子都沒辦法避免的問題吧，平時開車的時候放下音樂這個還是可以適應的。
0,音響好像不能接sd卡，害我下載了很多歌曲竟然不能放，鬱悶
0,車的噪音偏大，扭力有點小
0,減震不好！
0,也沒啥最不滿意的，車子嘛，哪裡沒有沒毛病的啊，小毛病偶爾有，大毛病沒有，人還無完人呢，何況是人造出來的車呢？總體還行的
0,沒啥最不滿意的，就是車子偶爾會有點小毛病，不過都是不事兒，自主產品，感覺這樣的就不錯了，我一向支持國產，性價比很高，
0,現在還沒有什麼不滿意的地方，我是新手，也沒開過別的什麼車，反正感覺各方面都挺好的
0,聲音略大，坐習慣小車的需要適應一下。
0,手動的在市區跑有點累是真的
0,動力差了點。前幾天和盆友去爬了下貴州嘞最高峰，結果爬起綿扯扯嘞，不過也可以理解，車身那麼大，匹配發動機小了點，在這高原地區，怕是有高原反應？
0,車的做工真是不敢恭維啊，做工很粗糙，和整車的外觀看上去不相符啊，幾萬的車也不能要求太多，忍了，還有一點不滿意是車的噪音，後驅車的噪音真是大啊
0,排量1.5l接個娃兒代步神馬還行，但是要越野，排量還是有點小，玩不起來
0,最不滿意的，地盤有點低，過年穿親訪友啥的難免有爛路，凹凸不平的，有時候不小心兩輪都走在凹的地方，難免會蹭底，我都被蹭了一次，怪心疼的，不過想想轎車都是差不多，貌似現代的更低，跑高速的時候穩，各有利弊吧
0,車子滿載七個人開空調動力有些肉，油門踩了反應有點慢，座椅正面米色的不耐臟要是換成全黑的就好了，還有車內也米色的門板上下車日常用米色臟了沒有黑色好打理。
0,車尾燈可以不那麼突出嗎，對於新手來說真的是太可怕了！！
0,跑起來的時候，稍微有點噪聲，不知道是不是這幾天天氣不好，風吹的聲音還是傳動軸發出的聲音，跑一段時間，再去4s店做保養的時候看看去吧
0,中排和後排不能放平整，中排有點高
0,就是後驅不太理想，要是前驅就更完美了
0,異響和噪音。畢竟價位在這呢
0,應該是噪音吧，雖說試過朋友的其他車，但是s3l的噪音確實還是需要改進，進一步降噪。速度在70-80還可以，速度在100多有還是可以接受的，但是如果還能在安靜點就應該更好了。
0,胎臊大，中控異響，沒了
0,動力有點稍欠
0,目前沒有發現什麼不滿，就是起步有點慢，可能跟新手有關係吧，油耗有點高，現在基本都是上下班開開，每天都堵車，基本上就是二檔，三檔的開，油耗11個。希望過了首保後慢慢能降下來吧，
0,目前沒有什麼最不滿意，都挺好的，就好像生孩子一樣，不管什麼樣都得愛不是麼？
0,就是換倒檔時有時換不進去，明明是倒檔等你放離合時就聽無無無的聲音，檔桿就抖起來，真心的受不了，
0,空間小了點，不過還不錯了
0,外觀不太時尚，線條不流暢
0,雖然我是新手，但是油耗對於1.5l排量的車確實高，百公里差不多9個油，還有就是掛2檔的時候，不是很順利。第三排座椅空間有點小，太擁擠了。也就是小孩可以坐了。
0,最不滿意呢，一裝配工藝稍差有提升的空間，二中控不時傳來一些異響，特別是非鋪裝路面，會有些異響，還有就胎噪聲稍大，可能是因為|裝配玲瓏輪胎耐磨但就是噪聲稍大，有錢就換米其林靜音胎。
0,不滿意的就該說中控台好像不能播放dvd，只能連接u盤。u盤不知道是否可以播放視頻，或者是我們還沒有研究透吧。還有對於esp覺得不是很懂。
0,不滿意的就是減震油耗，
0,動力有點不怎麼樣，畢竟價格排量在那裡放著，總體來說還好吧，家用足夠啦
0,噪音較大。
0,內氣味太濃，中控鎖沒有聲音，只有燈光。
0,異響的地方多，倒檔不太好掛，目前為止發現，前排閱讀燈響，司機座位玻璃偶爾響，前風檔偶爾響，為毛新款反而把方向盤電子助力改回液壓的了啊，點煙器插孔位置要吐cao下，買的轉換頭有點長換檔的時候經常碰到手啊
0,起步慢，光給油不走道，動力不怎麼樣，動力還小，轉向不太精准，油箱小，1.5的排量真的就是不行呀。底盤不怎麼樣，尤其是後橋梁太磕慘了，油箱還沒有保護板
0,後備箱太小，風噪有點大，過坎方向抖，方向盤重
0,暫時還沒有什麼特別不滿意的，雖然天天在外面跑業務，畢竟才開了半個月，但是感覺操控很舒服，剎車也很靈敏
0,開車時間短。暫時沒感覺出啥。有點胎噪音。感覺倒車影像不是太清楚。幾個
0,有點異味
0,懸掛偏硬，高速燥音有點大
0,銷量不高！
0,動力感覺有點欠缺，如果是1.8的就風場滿意了，但是購置稅就不減半了，比較糾結。
0,噪音稍大。特別是速度上了80碼以後，車內噪音大了起來，音樂開大一點到也可以接受。
0,排量小了點，感覺發動機爆發力不是很強。
0,異響，現在中控和前檔頭頂處在稍差點的路行駛就咯吱咯吱響，聽著有點難受；中控和前檔玻璃放了條長膠條稍好點。
0,底盤異響，油耗偏高，4s店離得太遠有點小問題不太方便收拾
0,目前發現剎車有叫囂聲
0,後備箱真的小，兩個小箱子佔滿了，再多點的就得堆起來。一家三口近郊出行夠用了，下個月要送娃兒去上學，估計後排都得堆滿。
0,外觀內飾都沒的說，就是感覺空間緊湊了一些。另外，不曉得是不是我剛上手的原因，小元操控起來有點卡，尤其是低速頓挫強烈，動作不順滑~而且降速轉彎這個動作不順暢，每次都有發飄的感覺，不喜歡。
0,車子才到家沒多長時間，說實話沒發現有啥不滿意的地方。
0,非要挑毛病的話，那就說說出廠日期吧，7月16號提車，車竟是4月29的，因為是4s的展車，但是最終沒有擋住我對她的愛
0,目前來說沒有最不滿意的，非要說一點的話，那就是發動機啓動後怠速聲音比較大，這也是我拿我之前的308比較出來的，但是估計和磨合期機油黏度有關係，首保後換了黏度低一點的機油可能就要好些了。
0,車身有點短，空間勉強夠，要是想跑長途的話後備箱真的就有點小了，不過這點最初買車的時候銷售也給說明白了，我們自己相中車子的其他表現，關於空間只能說是優缺點都接受的態度了。
0,其實沒啥最不滿意的，車子整體表現還是很不錯的，就是日常用車時總感覺車子的空間有點緊巴巴的，小書包造型雖然好看有亮點，但是不咋實用~
0,動力總成，1.5t發動機沒有手動變速箱，只有自動變速箱，而且還是乾式雙離合變速箱，乾式雙離合變速箱的穩定性在市區經常堵車的情況下不夠好，最後只能放棄1.5t發動機選擇1.5l發動機。
0,非要說的話，就是後備箱的確小，不過又不是每天來拉貨，也能接受
0,動力一般了，夏天開空調，拉2個人，上坡動力稍微不足，離合結合點有點高，我還熄火了好多次，好丟臉的說。儀表電流聲，我也是沒有搞懂，怎麼會有這種我問題，需要把儀表亮度開到最亮才能解決。
0,方向盤抖動，過減速帶和火車道車速過快時，抖動會非常大！後排空間較小！沒中央扶手箱和後排出風口，沒煙灰缸！前面連放煙灰缸的地方都沒！沒中央扶手箱也成，副駕駛座也和主駕駛座一樣裝個移動靠臂也成啊。
0,剛接的新車，主要是老公在開，感觸不多，老公感覺還可以，新車比之前的二手車那是感覺好，高速上感覺提速差點，估計是節能型排量不大的願意。
0,不滿意的就是它的封閉性還是不過好，在駕駛車是車外的噪音都還是聽得到，這也嚴重影響了駕駛車輛司機司機的心情
0,最後一排還是有點擠了，如果第二排長一點的那個凳子能移動就好了，後面都不會覺得那麼擠
0,車內最後一排的座椅位置設計的不太理想，雖然是7座，但是可能只坐得下身高在1米72一下的人。
0,就是後排放平空間不是很寬敞
0,隔音效果不是很好，換擋有異響，到時候4s店保養咨詢下師傅！中控台設計更多的儲物格就更不錯了！
0,沒有後視鏡加熱，後視鏡加熱對我這樣一個喜歡到處走走，出去旅遊的年輕人來說這的很重要，下雨天的時候可以減少出現事故的幾率，要不我下雨天一般都不出去。
0,二三排座椅有些短，三排橫向空間坐兩人尚可，但腿部沒有多的活動空間。
0,第三排空間沒第二排那麼大，希望能加長。
0,這輛車就只有前邊有氣囊，這個少點，側邊可以沒有，但是頭部得有。
0,不是全景天窗的，雖然60不是運動版的轎車，但是現在實在是太流行全景天窗了，感覺要是換個全景天窗是不是外形又會更帥一點呢。
0,不滿意的就是小車的內部空間了，前排座椅舒適性還可以，但後排空間稍微局促了些，三個成年男性坐進去有點擁擠，並且車子後備箱因為小書包造型稍微有點局促，家用的話勉強足夠。
0,不滿意的地方很明確，小元空間表現不算好，這一點有車有非拿著小型suv來解釋，我覺得這不能算是合理的藉口吧，畢竟不少同級別的小車在後排和後背箱的容納量方面表現還是可以的。
0,想要車內氛圍燈
0,對比同排量的吉利汽車和同款的1.6排量的合資發動機a60，1.5排量的國產發動機噪音和氣門聲音較大。後排門上沒有放瓶裝水的地方。
0,不滿意的地方就是這車的舒適性了，雖然座椅很柔軟，包裹性也強，但懸架未免偏硬了一些。
0,起步稍微弱一些，隔音一般吧。
0,空間稍小，尤其是後備箱空間，日常僅僅夠用，拉貨不行。
0,噪音有點大，轉速有點高
0,不知道是不是我技術的問題，我總找不到點火的節奏，經常出現不能一次啓動的情況。並且最初就是看重車子的經濟實惠，但是本地四兒子店說提雙色要加錢，心裡不算爽！
0,啥都不滿意
0,尾燈太突出
0,雖然我是新手，但是油耗對於1.5l排量的車確實高，百公里差不多9個油，還有就是掛2檔的時候，不是很順利。第三排座椅空間有點小，太擁擠了。也就是小孩可以坐了。
0,不到八萬的車其實要求不可以太高吧？但是也不能說小元的表現完美，真說可以改進的地方就是舒適性這方面了，國產車嘛~底盤調校做的都不算太到位，懸掛也有點硬，同時空間有點偏小……
0,掛擋有點卡，估計是新車還沒過磨合期吧
0,非要說最不滿意的話，就是a柱盲區有點大，十字路口左轉彎必須得多看看才行。不然突然冒出來一個不遵守交規的人可就手忙腳亂了！
0,空間稍微有點局促，並且前排沒有扶手箱~
0,不滿意的地方肯定有，畢竟價位在這呢，不可能哪一方面都盡如人意，操控動力這些大方向表現都不錯了，至於車子的舒適性和空間就得稍微有點不完美，嘿嘿~這一點我覺得大家還是都能想明白並且接受的，你們說呢？
0,變速箱有點滲油，減震偏硬，發動機聲音有點大
0,加速發動機聲音有點大
0,噪音有點大，加速有點肉。
0,加到3檔才感覺到動力強勁輸出
0,發動機太肉了！太肉！太肉！動力太弱！車身太窄！車身太窄！車身太窄！沒有esp！沒有上坡輔助！沒有後視鏡折疊！沒有後視鏡加熱！
0,沒有續航里程，說明書里寫的是有續航里程，可是實際去沒有，有點失望!
0,各方面都還不錯著，就是後排空間有點小，畢竟是7座的，但是比s3後排空間好多了
0,車子起動時燥音特別大！
0,空間對我來說還是有點小，乘坐方面其實還好，就是車子的後備箱有點小，前幾天帶著媳婦回娘家，後面放兩個行李箱就滿了，兒子的玩具車什麼的都沒塞進去……
0,感覺還湊合吧，這個價位的車子能有這樣的表現都算是極好的，可是這也不能說車子是完美了，小細節方面還是有提升和優化的空間。比如扶手箱，之前我家的自由艦都用習慣了，猛然沒了這一項，真的不習慣。
0,現在發現小元的都是優點，可能是剛提車的原因吧？後續要是有啥不爽的我再過來補交。講真，新車也沒啥異味，這對比一般競品車，好的不是一個層次了。
0,"1.5的發動機跑高速像拖拉機，長時間容易耳鳴,高速公路行駛時剎車踏板，油門踏板共振"
0,剛提車第二天就發現副駕駛玻璃升降有異響！天窗有油跡！去4s店檢查說可能是門裡面啥東西不好，因為要拆開新車有點不捨的，所以先湊合用一段時間再去修。國產車讓消費者放心還有一段距離啊
0,感覺比亞迪元的動力還湊合，但是實際開著還是能遇到小問題的，檔位稍微靠前些，起步有點肉，幸好不是大事。此外，我個人覺得車子空間有點小，乘坐空間稍微寬松些，主要就是後備箱有點局促，最多容納兩個旅行箱。
0,空間有點小是真的還有一點感覺比亞迪元的動力還湊合，但第一台車當練練手，上下班夠用了。
0,車子幾乎沒有啥短板表現，真說不滿意的地方就只能是小細節方面了，後備箱的儲物空間稍微小了一些，日常還基本可以，但是要跟家人出遊時就得慎重考慮一下了。
0,動力微弱，坐滿人明顯感覺動力不足！
0,後視鏡無電加熱
0,前臉不是太個性
0,要說不滿意的表現我就得說比亞迪元的空間緊巴了，平時上下班基本是沒問題的，但是下周準備帶家人去自駕游，後備箱明顯不夠，正在發愁怎麼合理安置行李呢~
0,最大的不滿意就是缺少一個導航，要是能有一個車載大點的導航，這款車子就很完美了，後視鏡的話到冬天下雨天很模糊不清楚，給我的生活帶來了不方便
0,變速箱換擋有響聲
0,不滿意的應該就是隔音效果不是很好，還有換擋的時候有聲音
0,第三排座椅太窄了感覺。不過第三排也很少能用得到，一般都放下放東西。
0,三排座椅最不滿意，窄了！
0,只有駕駛位單邊扶手，沒有扶手箱，覺得有點不習慣。後備箱門開啓沒有限位一開到底，遇到大風天氣如果要開啓後門需謹慎操作。
0,最不滿意的就是避震沒有朋友的軒逸舒服，不過這個價位已經不錯了
0,動力一般，坐墊太小
0,實話實說手動擋的車要多練練！！！
0,顏色可以私人定制，但是等候時間較久。
0,1.選的時候只有紅白雙色車身，我還是喜歡橙黑或橙白2.拉花後悔了，選的極速賽道，看久了，覺得沒城市森林好看
0,中控台結構過於簡單，材料硬邦邦的，起步的動力比較弱，一檔二檔加速度慢！
0,噪音有點大，但自己能接受，這個價位的車已經不錯了。既然喜歡就沒有不滿意的了。這個1.5l的動力還是有點肉，經過一段時間的體驗主要表現在長上坡和上比較陡的陡坡，加油也使不上勁。
0,四兒子態度差的很還有狗屁經理一樣，所謂上梁不正下梁歪，說話狗放屁一點信譽都沒有還他媽4s店總喜歡背後議論別人，還不如一些小店
0,動力太弱了，減震偏硬
0,車子啓動時手抖的發麻空調開3擋那風聲能嚇跑小動物
0,輪胎！用好點的吧！如果換上知名度高點的輪胎相信買的人會更多！
0,噪音大動力不行上坡太沒勁同樣的坡坐同樣的人連同學同價位的吉利都不如真後悔當初沒試駕爬個坡發動機都哼哼響爬不動唉??
0,噪音大，1.5的發動機肉，過坑窪路減震會發出咚咚聲，聲音很大開著心裡沒底，方向盤大小適中，指向不清晰，座椅包裹可以不支持高低調節。以後追加
0,最不滿意的地方就是車的內飾了，塑料感太強，還有我的方向盤拐彎的時候回正比較慢，感覺比較吃力，小轉彎還不回彈，不知道是不是有問題還是車本身就是這樣，因為我是新手，所以不是很清楚。
0,下雨天側玻璃上面的雨水不能通過升降玻璃刮掉
0,駕駛座椅不能上下調節，頭頂空間局促。
0,內飾比較差塑料感超強！
0,剛開始離合高起步抖，別的還沒發現有什麼問題。
0,門內側扶手有點簡陋。
0,還沒有什麼不滿意的地方，愛她就要包容她，愛她的一切！
0,：主要是內飾略差！自己花點錢整整就ok了！
0,內飾有點土
0,新車的味道很大，聞著很難受，還有發動機的噪音也很大，感覺就像是沒有做隔音一樣，東風要不要省這點成本呢。簡單的做一下隔音，整車的品質就會提升一個高度，為什麼不用心呢。
0,最不滿意的大概就是沒有esp了。
0,減震硬過減速帶感覺太明顯了，比較顛簸舒適感不好。
0,要說不滿意的只有它開空調後的動力了，確實有點肉，畢竟1.5的排量咱也不能要求有多好的動力了，家用足矣。這算是雞蛋里挑骨頭麼？
0,隔音太差，懸掛太差。舒適度太低。感覺舒適度還比不上五菱宏光s1，當然，宏光s1比咱貴。
0,車鑰匙太醜不能忍鐵皮夠狠薄車漆也薄，動不動還會有異音，停嚇人的
0,儀錶盤亮度低，在晴天中午時不怎麼看得清顯示內容。
0,起步到20碼之間，特別上20碼的時候，有頓挫感，明明加油門，反而會頓一下，也就是這麼一下。
0,對這愛車，實在挑不出有什麼很不滿意的地方，如果硬要在雞蛋里挑塊骨頭的話，就是新車味道有點濃！手剎桿有點高，看上去有點像高射炮！
0,離合稍稍偏高！
0,迎賓燈居然是假的。車漆實在有點薄，已經被我刮了一下，由於價位原因沒有esp還是有點遺憾。無任何異響。開著感覺很爽
0,車窗升降不穩，感覺一鍵降沒什麼用，極少用到，反而有時一不小心小窗開成了全窗
0,4s店送的全車膜，真的很不好，別的基本都挺好的，自己當時沒經驗，建議其他小夥伴買的時候別要膜了，自己外面貼個好點的
0,有點異響，白色車漆薄，發動機倉噪音大。
0,令我最不滿意的就是那個儀錶盤了，怎麼看都像老捷達的儀錶盤，最次也應該保留15款遠景的儀錶盤啊！另一點備胎居然不是全尺的，我說吉利就差那麼幾個錢嗎？連個全尺寸的備胎都不給配。
0,4s店標的購車價格比網上的官方指導價要高3000塊，說網上的版本沒有實車，需要訂購，感覺有點不透明。
0,開車的時候有異響，減震不好
0,最不滿意現在還沒發現。不滿意的可能在隔音效果上有些差距吧。
0,最不滿意的就是，前面那個儲物空間有點小，沒辦法裝東西。
0,車子提了四天在車管所上牌時啓動不了了，聯繫售後人員到了後檢測為電瓶壞了，換了一個新電瓶。證明吉利的品控還有瑕疵。
0,減震器偏硬。
0,內飾看上去不錯，不過看不見得地方做工差，方向盤後面我稍一檢查就發現有螺絲都滑絲了
0,其實沒有什麼很不滿意的，非要說的話就是側面不好看，線條太次
0,"座椅不能調高度,"
0,個人感覺減震有點硬，有點跑偏，燈光有點暗，其他都還好，看到1000公里了快昨天是了下感覺又不不跑偏了，不只什麼原因，儀錶盤有點小異響，不太明顯。
0,最不滿意的應該就是沒有單獨前霧燈，動力不適合激情，還有就是全系都沒有esp，這個在雨雪天氣里行駛會有點危險。
0,動力不足，中控屏幕易死機，還有車漆也挺薄的，刮了好幾次，心疼死了！
0,這車的通病：嘯叫。我也不知道是不是，反正跑起來加油門的時候不知道是發動機還是變速箱有那種嘯叫的聲音。發動機聲音也有那種嗒嗒嗒的響聲，但是不算很大。手套箱太小了，也沒有眼鏡盒。
0,遠景大燈是真不亮，黑天沒路燈的地方可見度太低了，這點希望可以改進，車漆太薄了，劃一下就漏出來黑底了，
0,也沒有什麼太不滿意的，就是減震硬點只要慢點過其實都還好做工這一塊還有加強的餘地塑料接縫地方處理的不是很好
0,此車離合高奇高以後要調希望原廠就可以調一下結合點在中部或者中上都行但是此車結合點在5分之4處左腳實在是太累了尤其是市內紅燈走走停停哎
0,外觀方面變化不大，有點對不起內飾的感覺！後面看還是挺不錯～只是前面側面太low了，好幾年前的審美；還有使用中發現沒有一個合適放駕證、行駛證的儲物盒，很不方便。
0,暫時沒發現，不過離合有點偏高。
0,側面外觀最醜，都2016年了，側面的設計還是幾年前的風格，往大街上一看，太掉價了
0,油耗稍高，也可能我整天跑市區的原因
0,油耗偏高，若四輪全為碟剎就更好了
0,噪音過大，速度過110公里耳朵受不了！剎車距離過長，前三分之一基本沒反應。
0,目前有個地方不滿意，不滿意的地方，是離合器，離合器是真的很難，我不知道做一個離合器是這麼難做什麼，真的是，被迫踩上可以，頻繁的離合器真的很累，離合器真的很高，幾乎把你的腳頂的，硬和高。累了。
0,大家都反應的噪音，後驅車噪音確實是硬傷。希望廠家能把噪音在降低些。減震有些硬，過減速帶必須要把車速降低。
0,不滿意就是價格稍微有點貴，如果能再便宜點就好了！
0,不滿意的就是新車異味大，內飾材質不軟，手感差~
0,配置低，雖然說安全系數高，但是配置也是太低了。
0,用了幾個月，才知道這款車的排放標準是國三的，現在還這樣的車在生產銷售，去找了4s的店的業務人員，沒有任何回復。真是暈大了，網上查了，2011年國三的車已不再生產銷售。請問這是做怎麼回事？
0,後屁股太高，噪音有點大，
0,塑料太多。不帶遙控鑰匙，簡配。剎車時得很踩，比較弱。前面兩個柱還是有點影響視線。做工粗糙不精細。噪音不小，尤其胎噪。後懸掛邦邦硬。車頂就一個鐵皮，如果趕上下雨，自己可以想象了。喇叭不給力，太不給力。
0,人生開過的第一輛車，所以也不知道10幾萬，20幾萬，上百萬的車和這個的區別。所以不好說操控性好不好，不滿意的地方就是再便宜就好了。。沒有最便宜，只有更便宜。。沒有錢貸款買的人傷不起。。
0,有些地方異響，還有車門鏽蝕，差速器松況，導致換擋有響聲
0,整車異響！
0,車內塑料件太多，保險槓裝配縫隙不均！
0,配置太少了，做工太差，噪音有點多。
0,發動機調效不到位，油耗高，稍微大腳油開車，油耗猛增。
0,車輛噪音太大裝配工藝差車身縫隙也大輪子太小屁股太高
0,就是乞丐版，也太乞丐了一點吧！連發動機罩都不給安一個，那要好多錢啊？霧燈其實也可以裝啊，還有四個輪子的擋泥板那要多少錢？小氣！還有氣味稍大一點，內飾簡陋。
0,做工不夠細緻，各種偷懶簡配
0,油耗略高，隔音差，後排舒適性稍差，後面沒有音響
0,中控異響，老毛病了，所有m3都有，沒有反而是盜版m3，開冷氣動力略顯雞肉，不開冷氣足夠動力
0,四兒子店服務不過關，就去他家做過首保。長安大廠家還是應該提升下經銷商的素質水平。
0,輪胎太小了點，跟整個車搭配起來感覺有點偏小啊，要是能再配大一點就好了。現在有時候上個馬路牙子都害怕刮傷。希望廠家能推一款輪胎大一點的車。
0,要說不滿意座椅不夠好，懸掛硬。還有就是底盤太低了，感覺不想mpv的底盤，有時候跑個山路都有點懸，感覺不是很好。自己的車只能愛惜點開，不能硬闖。
0,懸掛，這個區別有點明顯了。之前的小車雖然配置也一般，但是兩個車對比起來減震還是明顯。這個車偏硬，駕駛人員還好，後面坐的人就不是很舒服了。雖然空間大很多，屁股坐著痛.....
0,全系就是沒有天窗，還需要定制，4s辦事不可靠，還得自己親力親唯，車燈調節好像不管用，近光太近還偏右，其他都還好
0,後備箱的材質太差，就一層布，毛呼呼的。
0,後排沒有空調出風口，也沒有手機充電接口，坐椅靠背於垂直，坐久了會感到累。
0,好像還沒什麼不滿意的地方，畢竟才6萬要求不能太高。
0,小細節上廠家還需加強
0,座椅不是很舒服，動力較弱
0,倒擋有時掛不上，往一檔回歸時，頓挫感特明顯
0,跑了一千多公里，最不滿意的一點就是在走顛路的時候，中控有金屬片振動的聲音，可能是路太爛了，也可能是我的要求太苛刻了，我一同事剛提的繽智也有類似的聲音，看保養的時候能不能給處理下不
0,只有豪華版，定製版的才有天窗
0,後排座椅靠背有點直[配置]安全配置應有盡有，絕對滿意，只是時尚沒有大屏，還需自己安裝，4s要我1680元，有點坑！
0,都說倒檔不好掛，確實是有的時候一次掛不上，需要掛兩次。沒有特別不滿意的地方！
0,被經銷商忽悠了，多花了一千多
0,這款車的內飾還有待提高，軟包增加一點我會更滿意。
0,最不滿意的就是動力稍弱點（不過1.5的發動機排量小還算說得過去），發動機隔音差點
0,底盤高度再高2-3釐米就好了！
0,不知道是不是我是新手的原因，我感覺倒擋不好掛，別的擋都好掛，可能我是新手吧，還是不習慣
0,暫時還沒有什麼不滿意的，很值了
0,高速行駛的時候發動機轉速過高
0,這個價位買的，沒有什麼特別不滿意的，不過之前希望能買個有天窗的，電動天窗也行，但是這個價位很難找到合適的。
0,倒擋有點不好掛，內飾氣味有點重，兩個月了還是有味，漆有點薄，車頂破漆了，也不知道是不是提車的時候就有了，買車時得看好，不能聽銷售的瞎忽悠，說什麼新車沒啥看的
0,車是自己選的，各方面我想要的都有，最不滿意只有前頭比較單薄，除了這一點，沒什麼
0,"最不滿意,現在沒發現,希望以後也不要發現,就是倒車雷達有米數語音播報更完美,只能根據警報聲的快慢來判斷有多少距離."
0,沒有天窗，開天窗還得加錢。建議廠家將天窗做為標配，這樣將吸引更多的人來購買。
0,頂棚用料有待提高
0,也沒什麼不滿意的，動力都可以，屁股要是能再大點就好了
0,不滿意嗎，就是開空調時起步動力明顯下降，但是可以接受，畢竟排量和價位在哪裡呢
0,動力稍弱些，但是捨得給油一樣就不肉了。
0,不滿意的地方，目前還沒有發現，都說起步肉，我倒是沒有覺得，反而覺得起步平穩，再說了，家用車，起步那麼快乾啥~你要飛嗎？呵呵~
0,沒有配置全景車窗。我個人還是挺喜歡全景車窗的，畢竟有時候喜歡和家人自駕游開出去遊玩，如果有全景車窗的話，還能打開車窗欣賞欣賞藍天白雲什麼的，呼吸一下新鮮空氣。
0,動力肉，這可能是購買汽車的車主普遍的一個感覺，不過對於我這樣的新手來說還是綽綽有餘。
0,塑料感太強，座椅偏硬，包裹性不好。
0,沒有優惠，優惠力度不夠大！跨市購買給的優惠比較滿意，但是購買起來不划算！路費，生活，操心，總體來說如果當地4s店不苛刻，我就不出去買了！
0,一分錢一分貨。手時沒有導航，胎壓監測，沒有自動檔，沒有天窗，當然這些都不是問題，用錢都能解決，可是作為搬磚的90後沒錢是個問題。。。
0,新車味道大，買了兩個菠蘿，現在已經沒有味道大，動力稍弱但是省油啊，日常夠用，適合溫柔的駕駛。
0,4s多送點東西就不行
0,沒有轎車跑的辣麼快，車型的原因吧，我也不太懂，應該是風阻大，所以跑的沒有轎車辣麼牛逼。
0,智屏版的發動機沒有罩，傳動帶在外面露著
0,車座子為什麼不能上自動調節的呢？而且沒有導航，每次出差很不方便了，屏再大再好也就看個電視了，沒導航很不爽
0,內飾做工有點粗糙，看上去有點心塞
0,車子的配置不高，想esp車身穩定系統這種非常重要的安全配置並沒有標配，這點非常遺憾。
0,這個大問題沒有，就是過大一些的坑的時候，後懸掛會有聲音，應該是懸掛太硬的原因。
0,這都什麼年代了，後輪還用鼓剎～欺負沒錢人嘛～座椅調節太費力了，沒真皮～
0,後排座位腳踩的中間是凸起的，給空間打了一定的折扣，發動機上下都沒有護板，實在看不下去，在某淘上自己買了一個裝上去。
0,當初買這車的時候就知道這車只是暫時過渡用的，所以不管滿不滿意自己都要擔著
0,開著還行吧，就是車裡面味大了點，塑料材質上的吧？開一段時間會不會好一點
0,如果非要說不滿意的，我想說應該就是動力了，不過一般家用足夠了，就是滿載開空調感覺動力不太夠用
0,中控台塑料感強，一直有味，用了好久，都還感覺一直有新車的皮質味，也是價錢在那放著類，一分價錢一分貨嘛??????
0,不支持導航
0,中控台用的硬塑料太多摸起來手感不好
0,中控儀錶盤處有異響，已經跟4s店溝通，店方表示小處理一下就ok了
0,內飾，做工不太好，跟外觀差一些。
0,除了座椅調節比較落後以外，其他都還好，開著舒服沒什麼大毛病就行。
0,車內氣味刺鼻。
0,內飾材質硬動力弱不過畢竟1.5的排量
0,還是價格擺在那裡，廠家太摳了，連真皮座椅都沒得，內飾味道還是有點大。
0,最不滿意的是他的內飾塑料感太強了幸好沒有味道
0,最不滿意的是沒有esp車身穩定系統這個是我一直以來的遺憾。
0,購車時間較長，不過倒是各方面都挺細的。
0,車座調節是硬傷，說起來我還真不介意換成電動座椅，即使是加錢我也願意換掉！
0,內飾差了點，
0,沒有什麼特別不滿意的，內飾要是再高檔點就更好了哈哈
0,座椅調節還是手動的，操作不是很方便，感覺有點兒落後，還有後排座椅不能放倒，自我感覺也是個缺憾
0,動力還差點，就車論車，要是考慮車價，那也沒啥好說的了
0,座椅調節是旋轉的，不是太喜歡。還是習慣那種抬起來的！！
0,油耗不低
0,座椅調節是旋轉的。每次調節都累的要死
0,動力起步的時候有點慢
0,前大燈是鹵素大燈，晚上開車燈光太暗，和蠟燭燈似的，後期還得自己加裝氙氣大燈。
0,動力不是很強勁，起步的時候有點肉。再就是減震有點硬。
0,後排凸起來的，而且減震也一般般吧。不過我也不能要求太高了，畢竟十萬內的車子嘛
0,油耗偏高，百公里油耗居然高達9個多油，雖然現在油價是便宜了，但是這麼喝油也有點吃不消了，感覺比網上評論的自動擋油耗還高。一箱油一下子就沒有了，不知道其他車友是不是也這樣？
0,車門有異響，不過不仔細聽的話是聽不到的，聲音很小，倒是也不影響什麼。
0,新車的通病，車內異味有點大。
0,車窗升降不太好用，等回頭上專營店讓師傅幫忙看看。
0,目前沒有發現什麼不滿意的，非得說一個，就是等的時間太長了。
0,1.5l動力爬坡不足
0,雨刷器的連接桿，我提車前沒有看見！今天擦車的時候看見機器前蓋的地方有磨損！明天去問問咋辦！
0,感覺車輛的密封性不是太好，尤其是上高速的時候感覺比較明顯。
0,配置雖然有大屏幕等亮點的東西，但是並沒有加入電子助力和esp，這點感覺不太滿意。按道理現在esp也算是標配。但是卻沒有，還好有abs+ebd。助力也只能是液壓助力。
0,"要說最不滿意的，當屬車子的儀表材料了，塑料感太強了。買車的時候也看了x3,為啥造型都一樣，人家就是搪塑的，咱這個就是塑料的，有點不爽。也算是我吹毛求疵吧，不過感覺廠家把這個都省了，確實沒有必要。"
0,最不滿意的還是後部造型吧！可能過多的考慮到室內空間的因素，後部造型更趨向於mpv或者麵包，方方正正的。與v3前臉的suv設計有點反差。
0,額，，這個還沒有怎麼開，不知道怎麼寫，要是有個天窗就好了，呵呵，還有就是離合有點高，油門跟不上
0,買的時候我這邊的4s店腳墊還沒到，不知道是不是廠家還沒出。
0,三級經銷商服務售後差。
0,最不滿意的一點就是造型上。前部純純的suv範十足。有肌肉感的發動機蓋和前槓，無處不彰顯此車suv的狀態.但是後部由於考慮到空間的比例多些，導致造型上更像mpv。
0,最不滿意的還沒發現，比較不滿意的就是動力了，1.5l的動力確實纖弱，需要狠下心踩油門，不然提速慢！如果狠踩油門，提速起來也不慢，只不過這是要付出油耗的代價的。
0,有一次洗完車的時候，車子發不燃，轉彎燈和大燈的指示燈常亮，行車電腦顯示，方向盤鎖鎖止。最後還是斷開電瓶才解決，還在磨合期的新車呀。難道以後洗車還要準備一把扳手取電瓶線？
0,內飾一般般哈，尤其是空調組合開關，真心不敢看。後座椅鬆動，顛簸路面吭啷吭啷滴。後來拆開在連接處纏膠帶解決。
0,爬坡稍顯綿軟，離合腳稍高，方向盤有點軸。
0,"目前沒有發現不滿意的地方.默默關注v3很久了,終於出手."
0,人都說人無完人，我想說，車也是車無完車，特別是國產車，異響我都不想說了，提起來就煩，車後面不知道哪響的煩死了，底盤有點硬，坐起來不是很舒適，內飾黑色的有點不耐臟，特別是我2個小孩天天上去踩，煩都煩死了
0,有點費油，純市內9個油，還是比較堵的路段還是磨合期
0,還好吧，目前沒覺得有什麼不滿意的，實在要吐槽就是內飾味道有點大，塑料感比較強，但是這個價位的車也不能要求太高啦。
0,內飾也待改進，操作台的檔位稍微有點偏低，使用不是太方便，不過自己也改裝了些東西，比如門把手，大屏導航等等，風格也有所改變，成為了我專屬v3
0,暫時還沒有發現什麼不滿意的才剛提車不久
0,油耗，現在有420公里了，油耗一直是8.1，一直下不來，或許是磨合期的問題吧。減震，過坑的時候那個聲音真心傷不起啊，沒在後排做過，估計快飛起來吧。
0,提車的時候，發現副駕門把手有米粒大小的掉漆，畢竟新車還是希望完美一點點，不過影響不大，銷售很熱情，後來辦完手續找了一些漆補上，可以理解，用車的不滿暫時沒發現，新車才幾天沒有發言權。
0,就是高配的連日間行車燈都沒的，雖然不貴，但畢竟都已經是高配的了也應該配一個。
0,油耗不是很理想，首保內7.6，跑了趟高速剛好該首保才降到7；懸掛太硬，收費口減速帶能讓你顛起來並伴隨著類似鋼板的撞擊聲；座椅座久了還是會腰疼頸椎疼，目前還沒買座套坐墊，先散味兒吧
0,異響、異響、異響，裝配工藝是在是不咋滴
0,車面油漆，我提的是白色，油漆真的很薄。跑高速有小石子碰下就掉油漆了。高速轉速上3000發動機聲音明顯加大，這也是我最糾結的兩點。另外還有就是手機互聯卡的要命。不知道大家買過v3有沒有出現過。
0,減震，懸掛，不僅僅是後懸掛，前後都一個德行！不是不滿意，是完全接受不了！路面偏有不平，車身直晃，這說的只是不平，如果有個小坑，減震的響聲，我想一般你不親耳聽過，你不猜出來是什麼樣的聲音的！心碎
0,遙控點火功能，冬天可以遙控點火，等下了樓後，空調也熱了，不凍人人了。天窗有點小，後背箱不大，估計是為了車內空間更大更舒適吧。
0,現在油耗還沒出感覺估計會比較高，駕駛技術有限，後備箱縫隙較大，二代的看尾燈和衛門哪裡空隙，一代就沒這個問題，v5也看了也沒這個問題，希望改進下吧
0,後玻璃處異響，雖然聲音不大，但是多少會影響心情
0,最不滿意的就是他的尾燈了，車尾是敦實，可是尾燈給人的感覺就沒那麼協調了，總感覺有點小，希望後面升級的時候能改進一下。
0,油耗吧，也可能是新車新手，純市區油耗達到9.5了，動力方面起步有點肉，3檔以後就好了。還有就是減震方面有點硬，路面有一點不平車內感覺比較明顯，但是本人還可以接受。
0,懸掛比較硬真心硬稍微路不平就感覺一搖一搖的特別是高速路口那個減速帶稍微速度快一點那聲音聽著心疼慢一點也一樣反正個人覺得既然要suv就要忽視舒適性這一方面魚和熊掌不能兼得嘛。
0,懸掛太硬，不過suv普遍舒適性比不過轎車，這個價位算是很滿意的
0,減震把，我是小城鎮的，有時候走親戚朋友什麼的，路會不好走，車身會有點異響~不過還可以接受。
0,現在有些不確定油耗能不能降下來，車友說法又不一樣，磨合期沒過，還不敢放心大膽的說自己的油耗多少多少。
0,買的時候就考慮過方方面面的因素，已經選擇好了，只要日後不出現大問題，自己都能接受。
0,小問題太多了，燈光等
0,車子本就不貴，而且買車前都看了好久，沒有讓我不滿意的。
0,車的小毛病比較多，剛買的時候不到1200的時候，右前輪過顛簸路段出現異常響聲，去售後幾次，現在好一點，這段時間輕輕踩油門出現像皮帶擦擦的聲音，生氣連惡心。
0,音響切換收音機和音樂時，不是兩個聲道工作。
0,車子的接縫處有點大，做工粗糙了些。
0,暫時沒有~
0,小細節上還是有待改進。
0,存在異響問題，速度上去之後胎噪聲挺大的。
0,最不滿意的是胎噪聲太大，而且還容易塞小石子。
0,內飾的材質，真的是太粗糙加硬邦邦了，我本身對這方面要求不算太高。
0,一定要說不滿意的地方的話，那就是內飾的做工和用料了，接縫處粗細不勻，而且用料是硬邦邦的……感覺很沒有檔次感，不過想想它的價格，也屬於合理的範疇，畢竟一分錢一分貨嘛！人還沒有完美的呢，別說車了
0,動力勉強，內飾做工不好有響動。
0,除了內飾的用料，我都挺滿意的，雖然說一分價錢一分貨，但還是希望能有軟包。
0,不滿意的地方暫時沒有，這個價位的車內飾應該都不爽，何必苛求呢！
0,新車異味有點大，內飾做工要是再改進一下就更好了。
0,不滿意的地方暫時沒有吧，內飾雖然有點差勁，但是看看價格就能平衡了。
0,過減速帶的時候整個人都不好了，而且走高速的時候，總是有種坐船的感覺。
0,不滿意的表現暫時沒發現，嘿嘿，畢竟我們還在蜜月期呢！
0,各方面都還行，真要說不滿意的地方就得從小細節說了，車子內飾做工方面真的有點糙，材質硬邦邦的，一點檔次感都沒有，希望廠家能有所改進。
0,後減震異響，中控儲物空間沒有，手機都沒法方，內飾沒有米色的，
0,倒檔異響，經常掛不上！塑料感太強。但價格在那裡！
0,最不滿意的話應該是動力
0,買的手動智能舒適型，有顯示屏，有倒車影像，沒有導航，有點不理解這種設計。。。
0,一檔起步慢，過爛路時車內有異響，目前磨合期油耗偏高
0,動力不夠（一分價錢一分貨）怠速聲音可以2000轉以上發動機開始嘶吼聲音太大聽著難受??沒有esp.沒有導航腳有點小
0,感覺液壓助力有點沈，只有高配的才有esp，
0,提速慢，聲音大，開空調動力差
0,小毛病太多，空調買回來之後就不怎麼能用，一會好一會壞的。內部還有異響！輪胎用的是最便宜的輪胎，我現在買車七個月了，輪胎換兩條了。
0,車子內飾塑料感強，不過價錢擺在這裡，也不算大的缺點了。
0,動力有點弱，尤其是上坡的時候，1.5排量的發動機感覺沒有勁。
0,噪音有點大主要是胎噪
0,沒啥不滿意，跑快了胎噪音大點，燈不算太亮，回頭裝上霧燈，在換個大燈應該就好了
0,就是後輪沒有內襯，跑起來噪音比較大，做了底盤裝甲隔音之後好了太多了
0,隔音略顯單薄，速度在80以下車內相對安靜，一過80噪音就比較大，影響了舒適性。
0,最不滿意的一點，跑高速的時候有小石子打到底盤時，那聲音叫一個清脆，有時間去做個底盤裝甲。還有就是內飾的黑塑料比較容易臟，腳碰上就是一個灰道子
0,本來價格就在這，有優點就一定存在不足，威馳的在低速的時候感覺還是可以的，就是不能超過80碼，一跟提速有關之後，威馳的胎噪跟風噪問題就明顯了，這時候整車的舒適性就被影響了，感覺不爽~
0,第一，車子在低速起步的時候有點肉，威馳剛到家的時候，我給他加的是92號油，不過後期跑起來還算可以。第二，作為日系車，威馳的隔音弄的不好，一旦速度上去之後就是胎噪問題，感覺不爽！
0,沒有水溫表，後輪鼓剎，沒有發動機電子防盜！
0,減震不佳，遇到大的坑窪過濾震動效果不好，隔音效果差，懸掛偏硬，懸掛支撐不足，過彎側傾較大！
0,漆面薄，車身薄
0,沒有行車電腦，我暈～～～～這都什麼時代了，行車電腦都沒有。
0,內後視鏡有點低，影響視線，買車也沒有多少優惠
0,隔音差，中控異響，掛擋比較生澀！
0,除了隔音做的不好，胎躁風噪有些大之外，其餘的都是小毛病，還在能接受的範圍之內。
0,車子鐵皮太薄了，感覺輕飄飄的。內後視鏡有點擋視線，沒有霧燈；離合踩到底，倒擋有時候還不太好掛；兩把鑰匙卻只帶一個遙控器。玻璃曲度太高，前後什麼也看不見，視線太差。
0,車子的內飾設計的很單調，而且基本都是塑料，沒有什麼高級感。
0,最不滿意的地方暫時沒有，要是說給車子點改進意見的話，我會說胎躁要是能控制一下就好了，速度一高，日系車的毛病就出來了。
0,車子的內部異味太大，主要是一些皮子的味道非常重，天天開窗通風效果也不算很明顯。
0,車子內飾做工粗糙，用料也幾乎全部是硬塑料，檔次不高。
0,車身有點輕，上高速有飄的感覺
0,沒有防盜器，胎噪大！
0,冷車中控有異響，小毛病可以忽略
0,備胎不是全尺寸的，配置有點低
0,就是覺得空間稍微小點
0,右邊前門升降玻璃的開關的那個燈不亮了
0,內飾有點簡約，但是對於這個價位也算差不多
0,胎噪有點大，走爛路有咚咚響，像悶雷聲！車聲接縫縫隙好大尤其是尾箱
0,空間還是小了點，再大點會更好
0,這車側門真是難拉，太緊了。
0,基本沒有什麼不滿意的就是可能跟我的駕駛習慣有關油耗時高時低的
0,如果能大點會更好
0,導航是歪著的
0,副駕駛位像某款車，超像的。
0,最受不了就是過減速帶，減震效果差，但是想想才6w的價格還是算了吧，但是最受不了噪音啊，在瀝青路面還算好，一到水泥路面開上40碼以上噪音就很大了，開上70碼說話都要吼才聽得清
0,隔音，隔音～
0,視寬的led的，亮度不夠晴天幾乎看不見，如果亮些可以做日間行車燈用
0,避震偏硬，舒適度欠佳！人坐滿了後面放東西位置比較窄。還有發動機噪音有點大，特別是上了高速，跑到120碼，就已經3800轉了，轉速有點高，噪音就大，油耗就高
0,噪音好煩，特別是上高速基本上就聽不到旁邊人講話了，還有掛檔有點不順暢，會有一些異響，不知道是不是特例。還要吐槽一下後備箱後排不放倒的話空間太小了。其他暫時沒有什麼不滿意的
0,動力偏肉，因為是1.5l的，必須給大油耗才能有加速的感覺，在市區堵車時，有時會出現憋死車的情況
0,生鏽，剎車片上鏽，離合器聯動裝置上鏽。前輪異響主要也是因為上鏽引起的。
0,前減震很硬轉方向時下面有響聲跑起來減震硬，感覺前置很重減震壓到底了沒有靈活空間了
0,內飾米黃不耐臟，且送的大包圍腳墊也是米黃色的。
0,剎車要深踩才有制動
0,油耗目前有些偏高，不太穩定，希望過了一段時間磨合可以降下來。
0,油耗有些偏高，不太穩定。
0,轉動方向到最頂部的時候會有格子格子的聲響，剎車踏板也會有卡嗒卡嗒的聲音，感覺不爽
0,沒有發動機罩，空調噪音大
0,不能放cd，細節問題要注意下。車買來7天鑰匙就不能折疊了，沒辦法只有自己動手豐衣足食，重新配了一個。不帶煙灰缸，對抽煙的人來說挺麻煩的。油耗挺高
0,現在的油耗吧，還是有點高，過了磨合期油耗應該會降下來吧。
0,油耗高。
0,儀錶盤毅響，低配沒有發動機頂罩，不是全黑內飾
0,噪音有些大。最好加入一鍵升窗。
0,最後一排的座椅空間有點太小了，坐著不是特別舒服，顯得很憋屈。
0,屁股太大了，我不是很喜歡。
0,油耗偏高，車內各種異響，空調太吵。
0,油耗目前還有些高，不穩定。
0,起步有有些肉，但加速感還是不錯的，油耗也在預期之內，目前沒出現啥鬧心的事。
0,起初剛買的時候油耗有些高，現在油耗也降下來了，整體很穩定，比較滿意。
0,動力有點綿，車子啓動之後車速不怎麼樣，等發動機運作了一段時間之後車速才慢慢地上來。有點摸摸索索的。
0,動力弱，太費油了。目前油耗11.5.
0,氣囊不是很多，個人是個比較追求安全性能的駕駛員，主要是有時候可能會開的快點，男人嘛都喜歡快，所以氣囊不是很多有時候感覺不是很放心呢。
0,動力弱點
0,最低配我知道，我錢也不夠，可是沒有霧燈真的好嗎？我想哭啊親，霧燈能不能加裝，黑的蓋子不太好看
0,動力稍微弱點，家用夠用了
0,動力稍有欠缺，需要高轉速動力才上來。
0,沒有備胎，沒有發動機防護底層，啓停技術在低速的情況下不由自主的就滅了，比如遇到較高的減速帶的時候放慢速度車就滅了，還得再啓動，半坡起步的時候也是挺麻煩的。
0,官網說的299的倒車影像不知去哪兒裝
0,簡配或許嚴重了沒扶手箱後輪鼓剎沒大屏沒esp但是我基本不會上高速而且還是手動應該問題不大輪轂鐵的但是看不出來沒有備胎由於是新款車不知道會不會有別的毛病減震挺硬的
0,備胎，備胎，備胎，重要的事說3遍，減震不太好，過個溝溝坎坎太明顯，80邁以下還行，過了90就吵，100以上還沒開過，坐騎不可以調節高.低.塑料感太強，做工不好縫隙大，以後在追加
0,備胎都沒有
0,最不開心沒有買自動檔！嗚嗚！這也是自己預算不足的原因吧，以後有錢在換自動檔的！嗯，就這樣愉快的決定了！
0,不給選裝倒車影像，打雪佛蘭客服電話5次，每次都說幫我問問店裡，每次都沒有回復！！！
0,容易熄火，啓停關了也熄火，我是新手。最不滿意的是商丘順程四兒子店，私自改成真皮（皮革）座椅！價格高還皺、皺、皺！改不改都要買座套的！商丘的注意了……
0,內飾硬，噪音大
0,不滿意的應該是車型全系前面沒霧燈，手動高配沒esp，沒倒車影像，沒發動機罩，沒底盤護板。唉！後期只能自己加裝。
0,車跟我配合得不是很好
0,不滿意的還是噪音，天窗半開，那風呼呼的在耳邊。
0,目前還沒有什麼不滿意的後期在觀察
0,尾箱蓋好差勁薄薄一層皮開關時那個顫抖啊
0,無導航，無影像，等車時間長
0,還沒有那裡覺得不滿意的。
0,暫時還沒有什麼不太滿意的地方。
0,肉，上了七十就沒勁了，油門踩到底提速也很慢，噪音很大，開天窗到底，會有很難受的耳鳴聲，異味也比較大
0,中控鎖鎖上了還能從裡面打開。電子油門反應慢，不能隨心所欲的起步。反過來說就是，起步肉，後段加速很給力。
0,換擋時總感覺有點不順暢，尤其是一檔換二檔，胎壓監測沒顯示（我一直沒調出來）
0,就是上坡檔位高感覺沒力！
0,裝配工藝有待提升
0,什麼也沒送，連個車牌架都不送，就送了2根紅布條，還是我問銷售要的。
0,提車等了好久，踏板啊，保險桿，都要自己加裝。
0,發動機有些肉，期待進一步升級
0,測胎壓線是裸露的，希望昌河可以改進，安裝後排裡面的時候把門划了一條，看上去明顯，
0,不滿意的地方當然也有，比如新車有異味，中控台的設計和色調不太喜歡……
0,小工藝方面
0,昌河首推的suv，認知度太低
0,有一次顯示器切歌會卡頓，反應遲鈍。還有車的車頂有凸起部分，不好看呀??
0,現在還沒有對它不滿意的地方，如果必須說一個的情況下，我覺得這個車起步還是有一點肉，估計跟1.5l的排量有很大關係。至於別的車友說的內飾小細節什麼的，我覺得還好了，畢竟價位在這。
0,起步有的肉，起步第一檔加速發動機聲音有點大。
0,1.5l的動力確實不給力，特別是起步的時候稍微有點時間延遲，肉倒還算不上，後期加速情況就稍微好了些。
0,後排座沒有中央扶手杯架，那個配置雖說不實用，但是有逼格啊！
0,油耗比較高，那是確定的，具體還要看磨合期以後的油耗！
0,本來買車前其實已經做好心理準備了，畢竟才幾萬塊錢的車子根本不會有什麼完美的表現，既然車子優勢在那麼肯定有不爽的體現，比如動力弱，起步的時候感覺沒勁……
0,一檔和倒檔的確有時會卡不進位，後排沒頭枕，低配沒後雨刷，
0,能省就省，真是丐裝版
0,發動機起步有點肉，胎臊較大，無後隔物板，前無隔音棉，無發動機蓋板，無led霧燈
0,噪音大，車子的隔音不好，車速快點的時候，車內噪音大。
0,輪胎噪音較大，尾燈不好看，喇叭聲音有點小。
0,胎噪略大，尾門不帶遙控開啓，有點小麻煩！自動啓停默認關閉就好了，實在有點小麻煩！
0,一檔起步有點肉，胎噪大。
0,最不滿意就是車身後面造型不好看，為什麼不設計的順順的下去，飛要向上揚，作為90後的我，感覺好彆扭，還有空調感覺不太給力啊
0,胎噪太大發動機噪音倒還能接受，音響效果非常一般完全就是個揚聲器，手動擋這輪胎也很小氣很影響整體美觀。
0,備胎備胎備胎，太小，座椅支撐時間長了不太舒服。沒發動機護板。
0,發動機噪音，胎噪！
0,內飾差勁，但是也比大眾捷達神車的好，主要是座椅都用的織物的，不耐臟！還有就是新車型，市場上買不來配套的腳墊，坐墊等車品，只能等過完春節再說了！
0,噪音，風聲，輪胎摩擦地面的聲音，比較大，不過還在接受範圍內，畢竟這個車的價位擺在這裡，不能和十幾萬的車比。還有就是減震，真的是一份價錢一份貨。
0,不滿意的也有，就是低配輪轂有點醜，不過裝飾得也比其他有些車的好看，備胎非全尺寸；後鼓剎感覺很單薄。後燈罩設計得不好看，很醜的感覺！期待改款新作。
0,：手動檔減配車型沒有後備箱橫隔板。
0,不滿意的就是優惠太少，提車的時候還不給貼膜，還要預約，配置少都要自己加裝
0,暫時沒有
0,異響有一點
0,速度80以上風噪有點大，歌曲要開到15才能聽清。
0,藍牙不能放歌，只能打電話，都16年了沒有手機投射
0,就是座位窄一點就好了空間會更大一些
0,中排座椅不能移動！
0,爬坡動力不夠，
0,這個隔音效果之差啊……都不想說，後期準備做全車隔音，過個減速帶。我……算了，後期換絞牙。
0,就是手機互聯繫統太坑爹了，換了好多高清線都沒連上很是鬱悶！就是行駛在有點顛簸的水泥路上，時不時方向盤底下傳來異響，去當地4s店檢查了好幾次都沒檢查出來！
0,我購車的時間短現在為止也沒有什麼不滿意的地方吧，如果非要說，我只是覺得它有點短，如果車身可以再長點，窄一點點就好了，我本人喜好而已！如果以後發現問題了，再來追加兩句！
0,動力稍弱了一點，不管家用，上下班夠了。如果發動機大一點這個價格肯定買不到了。
0,檔齒間隙大？轉速低的時候齒輪金屬摩擦聲明顯。
0,車身有點窄，沒得後視鏡加熱有點遺憾，
0,提速這方面可能要改善
0,行駛中的發動機噪音還是有一點點高。
0,噪音太大！剛買車第二天就發現中控台異響！去4兒子店已解決！發動機也沒力，開空調起步太弱，要是車里不放音樂就像開長安車一樣
0,電子油門延遲高，1，2檔頓挫感明顯
0,放下車窗關門及行車路況差點就會有松垮感（松垮聲），隔音不是很好，發動機肉。
0,就是在上坡的時候動力有點跟不上，這個價格也值了。
0,座椅有點硬，可能是suv的過，舒適性不如轎車噪音有點略大
0,底盤還是有點低，油耗大點
0,發動機聲音大。變速箱有響聲。動力不足。沒天窗。車累味道很大。油耗高，不知道磨合過後會不會好轉。續航只是個擺設不能用，真不知道廠家是怎麼想的！
0,動力，動力，動力！一開空調就能明顯的感覺出吃力來！油耗比不開的情況下百公里高1升左右，還有就是生鏽的問題，新車，扣開輪轂蓋之後...呵呵，你懂得。
0,舒適性不高，這是實話，如果我說邁威坐上去有奔馳那種感覺，那是我在吹牛，畢竟價格擺在那呢。加上座椅不能前後移動這個問題，也算是邁威的一點點小硬傷。內飾方面實用的塑料比較多，皮質材料太少了點。
0,剛起步的時候，噪音有些大，速度上來後就好了！
0,動力有點弱小
0,動力真心弱特別上坡在坡上減檔要連續減兩個才可以
0,四擋後傳動軸聲音有點大，速度跑起來了就沒燥，國產車的油耗太差，不經刮！
0,換擋沒吸入感，小毛病多
0,美最不滿意，唯一缺點就是動力。特別是開空調時候。。。不開空調還不錯。
0,後驅傳動軸吃大力的時候聲音有點大，估計也是後驅車的通病，不過在可接受範圍內
0,漆面不好，隔音不太好，音響效果不太滿意，隔音和音響還能接受，價格在那兒放著呢
0,開空調怠速，方向盤會抖，起步太肉，方向盤過重，無鑰匙進入有時會失靈，一二檔聲音特別大，四十碼就正常能接受
0,基本上沒什麼不滿意的，就是晚上倒車影像不清楚。
0,我這是第一批車，離合器有異響，時有時無的，反正和廠家溝通了，都及時給我電話讓去檢查處理，態度絕對是沒話說的，跟蹤處理。動力，起步確實有些慢，但捨得給油動力就有了，我是新手捨不得。在寬點就好了。
0,一二檔換起來有點脫檔，動力只能說夠用。沒有後視鏡加熱！！！
0,目前就是倒擋不是很好掛，不知道是不是我操作問題
0,空調開起後起步有點肉
0,加速噪音有點大，
0,動力上總是覺得有些吃力，是因為車子太大了，還是動力太低了？
0,這個咋說啊，沒有最不滿意的，總體可以。
0,空調動力提速慢
0,加油門得時候有點抖動
0,精英型的無法加裝倒車影響，無法加裝多功能方向盤。在跑了500公里的時候發動機下面滲油去小4那檢查說密封膠出廠時沒打嚴無語還有防凍液也沒有加好，水溫高的嚇人又去檢查，加了大半胡防凍液也好了
0,駕駛台塑料件有點小異響，也沒啥，現在沒空搞，有空就找出來自己就可以處理掉
0,我就不明白了，一個幾萬的車為啥備胎不是同尺寸。為啥非要小一號，再說了，輪胎要不是啥好牌子。
0,和15款比，減配了，！耗駕駛位坐椅不能升降
0,前面的防撞梁！我靠那也叫防撞梁嗎？我哥給我開去撞壞了前面拿去修！一打開前面！我去真心傷不起
0,沒有最不滿意的地方，因為這是我人生中的第一輛車。除了駕校的教練車以外。別的一律沒開過。也沒有其他車型的比較
0,塑料感好強。價格在那裡放著呢。不滿意的後備箱蓋子設計的不是太合理。都生鏽了。日常行駛磨的。真是一分價格一分貨。
0,動力有點弱，最讓我頭疼的就是後驅動共振太厲害了，顯的非常大，開起來和麵包車一樣，老是聽著後邊嗡嗡的響～快煩死了
0,陡峭的坡路起不來步，需要在平路給油衝上坡路，馬力起步幼，來油慢的感覺，跑起來正常，車載顯示器不帶vcd精英版不帶導航要用手機連接數據線，開藍牙，插的手機都燙手，後排座沒有燈，太不方便，
0,動力1.5對這麼大的車來說，只能說夠用，如果動力能再足些就好了，另做工其實還有再提高的空間，我的車在走爛路的時侯有時候有異響。
0,最不滿意的就是動力了，明顯不夠啊，起步的時候特別明顯，速度快就沒感覺，爬坡道的時候如果速度慢了就動不起來，要開低速檔才跑得動。有1.8就好了。不過這個價格也沒辦法要求太高了，算不錯了。
0,車子開了沒多久不是這響就是那邊響頭都大啦，幾萬的車說真的我也沒希望你能有多好，才兩個來月呀，就這麼多問題，你讓我開個幾年我也沒什麼說的了
0,沒啥不滿意的，非要說的話那就是保有量少了，很多人不知道這到底什麼車
0,第三排空間不太理想，不過我很用不上，無所謂了
0,噪音大，不過後驅車也算是可以接受吧油耗感覺高了點內飾的塑料太空沒有填充物有時候在顛簸的路段會有共振發出的異響最後排空間小的可憐後備箱小的可憐
0,噪音太大尤其是發動機的聲音很大
0,最不滿意的就是低速的時候發動機抖動，聲音大
0,也沒什麼不滿意的地方，選擇了它從沒後悔過。
0,提速有點慢，期待廠家有所改善
0,夏天開空調之後頓挫感太大，動力和小面感覺差不多，空調在轉換時有種搭鐵聲音就好像敲門聲那麼大，開了3個月已經忍痛賣了
0,最不滿意的時精英型沒有esp吧，覺得這個安全配置應該強制標配。現在不管國產還是合資車都是高配才有這個，這是不人性化。
0,行駛到目前發現的問題就是離合器異響，左車窗升降異響，有點噪音，不過廠家服務態度很好。說是積極配合處理問題
0,最不滿意的就是上戶太慢了，零時牌照要到期了才上戶的。
0,到目前為止其他的都很滿意，動力方面我相信在磨合期過後會有所好轉！
0,發動機噪音有點大，這可能每個車主都知道，一加油就轟轟的。無語
0,第三排太擠了，動力小了一點！開空調車燈明顯變弱！
0,1.5自吸發動機低扭稍顯不足。
0,哪方面都不滿意，而且現在離合器跟變速箱異響一直沒搞好，大修一次現在方向跑偏，之後又去搞方向沒弄好，現在將就開
0,動力稍稍有一點點弱，但是日常家用足夠了
0,發動機聲音非常大，動力不足，隔音差得要命
0,異響，提速肉。費油。提速都不欲夏利。每次等紅燈都是最慢。而且發動機噪音大。前機器蓋當天買時就壞了。後視鏡一直也沒修好。感覺挺費油的。提速總是不正常。不知道為什麼。下星期還得去四s店。修後視鏡，怒死了。
0,新車買回來，速度開快點方向盤抖得很厲害…雖然問題不大，做個四輪定位就好了，畢竟是新車～還有就是第二排不能移動，第三排位置太窄了…四s店太少了…後期保養麻煩…
0,外觀做工呵呵噠
0,車尾設計不好看，主要是太費油，油表看著往下走，掙錢少的最好不要考慮這款車。起步肉感覺車沒勁，想超個車都費勁，這車比我預期想象要差，
0,油耗高，動力差，跑偏，方向盤異響。
0,動力不充沛只夠家用沒有提速推背的快感
0,123檔速度不行！軟，方向盤轉向有點硬！一鍵啓動位置很讓我頭疼！設計師為什麼放那個位置？??????
0,後背門有時不靈打不開
0,去了4s店沒有現金優惠，我也咨詢過外地經銷商，價格比北京高，北京店銷售員服務態度非常好，就不計較了
0,我是過新手，最不滿意是後橋有點漏油，讓我感到遺憾
0,動力方面稍微差一些，上坡或者開了空調動力明顯下降！
0,動力差，後備箱沒有隔物簾。
0,提車第二天電動調節後視鏡的保險就燒了
0,第三排空間不足。第二排無法前後移動
0,動力總成不好，離合器不宜控制，操控性不足
0,沒前悅讀燈，發動機聲音有點大，還有就是門燈也沒有
0,第三排座椅勉強夠用，駕駛聲音有點大。
0,發動機蓋蓋上的聲音也太難聽了，還不如我上一個車噪音稍稍有些大，不過得看跟什麼車比了，比我上一個車好多了，但是還是有一些，得開點音樂，不過我能接受，沒跑高速，不做評價
0,提速噪音太大了，不能接受，五百公里儀表台就有異響了。
0,屏幕愛死機
0,後排坐椅有點異響。希望廠家看看輪壇，以後有所改變，讓產品更好，中華走的更遠。相信國產不要太失望
0,主要是動力有點弱，有後視鏡電動調節但不能折疊？？？？？怠速發動機聲音幾乎沒有，到起步的時候就有點大了，速度上來了還是能接受的，倒擋半聯動離合偶爾會有異響！
0,動力肉。陡坡一個人至少2檔。路窄的話一檔。發動機噪音。胎噪偏高。不過還能接受。目前還在磨合期。油耗偏高
0,藍牙只能打電話，不能聽歌！全景攝像清晰度太低！比15款的減配了。
0,噪音在開空調的時候有點吵，不過價錢在這！壓縮機在工作和停止的時候會有咯嘣響一下，感覺很不好聽！
0,懸掛偏硬，過坑過坎什麼的有時異響，貌似這是小三的通病吧--！
0,轉速到達2500轉以上噪音大，動力偏弱所以提速略顯肉，不過你只要啥的給油還是可以的
0,2016款居然沒有esp車身穩定系統，這個是讓我挺失望了，想訂手豪款。4s說停產了！！！我提的16款精英版比手豪款少了重要的esp、夢寐以求的pm2.5空氣淨濾。我最在乎這兩點。
0,配置有點縮水，前排閱讀燈都減配了？這合適麼？還沒有門迎燈了。360全景影像就是幌子，這攝像頭分辨率還不如10年前的手機攝像頭呢！太差了！
0,對於剎車前碟後鼓，聽說15款是四輪碟剎！
0,1、油門踏板偏重，踩起來略微吃力2、檔位吸入感不強，不夠清晰
0,車的內飾都是用硬塑料做得，異響比較大，車的頓挫感還是有的。方向盤太重
0,鑰匙就一把遙控的
0,一個就是車漆有點薄，送的下護板不搭配，大燈不是很亮。如果後排空間大點就完美了。
0,之前總感覺一輛車沒有霧燈，就不像真正的車，不過現在看來，我的心態的確要改改了…所以說也沒什麼不滿意的…
0,油耗有點高，裝配工藝一般內飾異響，過減速帶玻璃和膠套互相碰撞異響，發動機噪音很大。
0,後排座椅空間稍微小點，再就是後排中間有塊突起，慢慢改進，我相信未來的吉利一定會越做越好的
0,沒有，各方面都還不錯，送的車載禮品太少了，我就想要個掛架。可是什麼都不送，這點要吐槽下，因為當時買帝豪的送了好多的東西。
0,掛檔不是很舒暢
0,整體都不滿意
0,噪聲，胎噪，風噪，車跑起來，石子亂濺打玻璃。
0,異響太嚴重了，減震過起伏路有碰鐵得聲音，最讓我失望得是車子開了5000公里過了首保就出問題了，排氣管有放泡聲，不過好在4s店給我免費維修了
0,目前沒出現什麼大問題，只是感覺車身漆有點薄，還有前天屏幕突然黑了，從新點火後又好了，改天去首保要問問。
0,走爛路有點異響，車漆太薄，後排空間小了點，不過對得起這個價格。
0,變速箱，聲音大，掛一檔和五檔有異響
0,空間確實比較小，我1.75個子很緊湊了，前排還好吧，後排空間小
0,屁股太翹了，後減震太高了，醜，還有就是儀表台塌下來的不能放東西很遺憾
0,發動機容易發熱，空間確實小，到自己用湊合吧，畢竟價格有限，還有就是4兒子的態度，特別不滿意，還強制買他們的保險。特別鬱悶，下來將近六萬了，我很無語了，
0,空間，發動機噪音大
0,開空調動力顯弱，幾萬塊錢的車也可以了。
0,遙控鎖車車窗不可以一鍵上升，而且遙控距離有點短，可能是出於安全考慮吧，後輪不是碟剎有點小失望。
0,動力有點肉，離合器結合點不好掌握，低檔位掛檔有鈍挫感，開啓轉向燈時容易誤開大燈。後座喇叭是假的，自己加裝沒有預留線，很是不便，多功能方向盤按鍵晚上沒有背光。
0,備用胎不是全尺寸的，這是真生氣了！搞的好鬱悶！
0,沒有顯示當前檔位，對於我這新手太麻煩，老是不知道在幾檔，建議改進，這應該不算太麻煩
0,漆確實有點薄，開車五天擦了下別的車。。。
0,不是四輪碟剎的，還有就是屁股翹的好像有點高
0,噪音？好像噪音都不小，桑塔納也有噪音，現在還沒發現什麼最不滿意的
0,車子的用料塑料感還是太強了一點只是對這個價格來說了也還是可以了再就是隔音效果不是跟好咯但是也能接受不知道，你們可以嘛？
0,中央扶手有點短
0,最不滿意的就是車冷啓動的時候有異響，還有就是車身高矮了一點，本人175頭都到頂了。
0,屁股太翹，屁股燈太小，屁股那啥，重要的事說三遍
0,不滿意的是玻璃異響，車子有點生鏽。
0,沒有座椅高低調節本來好多朋友都說我車座椅比較高麵包車上都有的功能還有手剎位置沒有防水杯的地方我看老款都有希望改進一下
0,空間小駕駛座不能高度調節但是畢竟五萬塊錢的車已經不錯了
0,喇叭只有前面兩個，副駕駛存放盒太小，內飾全是塑料的，剛買車的時候時速表不動，臨時牌照還給了20。發動機有時發抖，動力太小了，二檔爬坡很費力
0,屁股翹，屁股翹，屁股翹，說3次
0,頭部空間有點稍微小了，我180，坐下去稍微頂頭了，座椅不能上下調節
0,上面說了
0,後輪裝配的是鼓剎
0,內飾廉價。尤其是門內把手。
0,屁股感覺不是太漂亮，想辦法自己改裝！
0,後擋玻璃自然損壞，無人理賠，4s店和經銷商來回推都不賠，來回跑了一天，也沒人付責。今天很生氣，幾百塊的小事4s店都沒人解決。我打算找12315來解決或質檢部門，希望通過法律途徑解決。
0,最不滿意的是價格太低了，別人問起來都不好意思說！精英版剎車後面不是牒剎的。
0,噪音略微有些大了
0,後屁股太硬板，頭部空間不夠，座椅不能高低調節
0,車載電腦里的吉利關懷，我用app還無法註冊，沒辦法用，找4s店，他們說是軟件做的還不夠成熟，
0,方向有點沈轉向開關有點硬
0,最不滿意的就是沒有隨車帶煙灰缸，還得自己去配，想不通為什麼要省著這個。
0,最不滿意的就是油漆有點薄，買的白色，仔細看有很多被石子打掉漆的小黑點。
0,這蛋疼的地方就是沒有駕駛座椅高低調節，我靠，增加座椅調節成本難道還要上好幾千塊？還有現在最流行的日行車燈沒有，算了吧，沒有咱自己加！六萬塊性價比高的車就不要雞蛋里挑骨頭了
0,底盤還是低了點，在城市道路上想開上馬路牙子，也只能找高度低的牙子（別說什麼佔人行道不文明，你讓我停哪？天上？青島現在是5輛車搶一個合法停車位！）
0,我定的是豪華版，結果沒車，提了精英版，相對於豪華版配置少得太多。輪胎偏小是我心中的痛！
0,一時還真想不起來，後面再觀察吧。
0,內飾做工有點過於粗糙，雖然不奢求豪華內飾但是這樣的水平真有點說不過去。
0,空間對我們家來說有些緊湊。
0,人生第一台車，動力是有點小肉，但家用足夠。
0,不滿意的就是內飾方面，材質硬不說新車異味還大。
0,倒檔不好掛，嘎嘎響。
0,一切都還可以，這個價位的車，知足了，如果一定要挑出不滿意的地方，那就是隔音方面的問題，怠速的時候能明顯聽到發動機傳來的噪音。
0,小馬拉大車
0,不滿意的一點就是車子輪子的胎噪有點大，後備箱有點小，雖然不是太小但是平時裝點東西就會不夠用，好在我平時不怎麼用後備箱。
0,噪音大，動力肉。
0,底盤噪音略有點，速度上80以上稍微明顯點但是總體來說這個價位能做大這就不錯了，稍微改進下會有更大的飛躍。
0,幾萬塊錢的車有這表現我就滿意了，別的不多說啥了~
0,噪音問題，提速發動機噪音大，風噪胎噪
0,不滿意的地方其實都是小毛病了，比如車子內飾做工不精緻，比如新車剛開始的異味，比如偶爾的中控位置會有點異響……這些都不影響車子的實用。
0,目前沒什麼不太滿意的。非挑缺點就是哪個腦殘人設計的，駕駛員旁邊的玻璃升降，以及開鎖什麼的都沒有夜間模式，還有後備箱不能在外面直接開啓。
0,車標不喜歡，聲音稍大，也可以接受
0,不滿意的地方也不少，隔音差，內飾糙，偶爾出去還有異響……不過在這價位的車系中，小毛病還是比較常見的。
0,倒車影像不能裝在中控大屏上，需要解碼才可以裝。很麻煩！
0,缺少眼鏡盒，手精遮陽板化妝鏡沒有，中央扶手箱不能前後移動，現在只是個置物箱。後排座椅折疊放不平.
0,檔位生澀，導航不太理想…倒車雷達不清晰
0,動力，噪音，儲物空間少。
0,噪音內部儲存空間
0,半個月的新車不到800公里電瓶發生嚴重虧電，後排座椅所接口未做包邊！海綿直接漏在外面！！！這做工是相當的粗糙，一檔起步時卡離合，一二檔換擋時頓挫感非常明顯，倒擋經常掛不進去！
0,導航太卡，倒檔難掛，漆面有點薄，漆的顏色不是很好，後屁股比較高，好像在車里還有水流的聲音，視線不夠開闊。
0,內飾馬馬虎虎，接縫略大，手感較次
0,開的時間路程太短還沒有發現什麼！
0,前門密封不好漏風。多媒體沒有記憶功能，每次重啓車輛音響聲音會很大。尾燈死板沒有活力，為什麼不是led的，
0,車內儲物空間太少，中控大屏橫著就好了，底盤太底經常掛底，變速箱不好用掛擋手感還不如五菱榮光麵包車。北汽要加油！
0,動力弱，小毛病有一些，比如車門緊，噪音大，有異響
0,倒擋經常不是很容易不進去，在一個就是動力了，加速超車那個窩心啊
0,冷車剛啓動時聲音有點大，高速120碼的時候，發動機3500轉了。
0,上高速的時候，感覺前面輕盈，有點飄，沒有那麼的沈穩的感覺，發動機聲音有點大，隔音效果也不是很好
0,變速箱意響，經常這樣，檔位不好掛，倒車檔經常咔嚓一聲，離合器太重了，唉
0,車門不用力關不上
0,倒檔有時掛不上，據說是低端手動變速箱的通病，局部沒做防鏽
0,感覺這個底盤有點不是很滿意的，而且，沒有發動機的防護板，也沒有發動機的保護蓋子，座椅我感覺有點不爽的，要等慢慢的適應吧。
0,動力弱！車的商標有點難看！備胎不是全尺寸，輪轂用17寸會死嗎？多個中央後枕不行嗎，加1.8l的不行嗎？顯示屏太大了，小兩寸！按鍵用中文不行嗎？
0,小毛病還是有點的不過人無完人車也沒有完美的，動力還可以夠用不過開空調後動力損失不少
0,中控屏幕不上檔次，分辨率低，但是挺大的，後視鏡沒加熱功能，南方下雨天太多
0,後減震便硬！還有質量問題！重要的事說三遍！3650公里油門線斷了！35就這樣把我扔在了高速！！！！！我操！實在想不通！待會上圖！以圖為證
0,目前為止還沒有什麼不滿意的地方，慢慢看
0,市區里來說提速不是太快，可能是為安全考慮，紅綠燈比較多正常，高速是提速超車比較容易的很
0,就是在買車的時候，發現銷售人員有的時候缺少耐心，我們多問一點就有些不耐煩了。
0,沒有彩色大屏的配置，得選裝，看到這個直接是奔潰了，這個配置價格按說也不低，弄個導航應該可以的，可就是沒給加，實在是鬧心。
0,其他都覺得很滿意，要說不滿意的地方呢，我就是覺得車子後備箱的縫隙有一點點大，做工方面還是差了一些。
0,這個座椅是手動調節啊，有點小憂傷，還好平時不是一家人都開這個車，不然就會崩潰了
0,最不滿意的就是車子內飾了，這一點不影響整車的實用性的，但是想想粗糙的做工跟不拘小節的工藝，我還是希望日後國產車能再精緻一點。
0,懸架有點硬，速度慢的時候還好，如果速度八十的時候遇見個小坑，那顛簸得真叫一個酸爽。
0,小毛病太多，各種異響，還不知道是哪。
0,不滿意的是車子的舒適性，座椅材料硬中控還有異響……
0,總體來說沒有最不滿意的地方，雖說車子內飾做工不夠，但看看車子的價格，什麼小毛病就統統原諒了，沒辦法，要追求豪華品質什麼的，就得考慮30多w的合資或者進口suv了。
0,不喜歡車子的內飾，有點硬的接受不了。
0,汽車動力太肉了，四個人開空調都太慢了。
0,北汽你敢把變速箱弄好一點嗎？那都好，噪音也能接受，畢竟是正時鏈，各有取捨，這個價位也不奢求隔音能有多好，但是你連個5檔手動變速箱都搞成這鳥樣
0,最不滿意的就是車子小細節方面了，雖說這個成本限制之後，車子質量不能奢求太高，可是硬邦邦的塑料感還是讓我比較鬱悶的。
0,你要是能出1.5t的就好啦
0,雖然價格不高，配置也不低，但是我還是希望配置上能再好些，就座椅不是真皮的我總感到有點掉檔次
0,動力還是弱，畢竟1.5自然吸氣
0,最不滿意的就是倒擋有問題，有時候會很難掛，要不就是掛上了有異響；車友會裡面的其他車主也反映這問題很普遍；
0,車窗按鍵晚上不帶燈，起步肉
0,不滿意的就是提速時候的噪音了，聽上去有感，但是速度有點跟不上聲音的澎湃。還有就是導航這一塊了，小毛病比較多，音量不穩定，導航死機等等
0,做工吧，畢竟這個價位的車子成本就低~
0,車子的做工有點差，畢竟是國產車嘛~細節方面肯定還是要優化的，另外，車子的鈑金縫隙有點大，內飾不算細緻，開車過程中還會有點異響……
0,剛買九個月發動機壞了這是我最不能接受的也沒准我運氣不好出這麼多車就趕上我了
0,不滿意的地方說實話到現在沒發現，可能跟我最開始買車時就沒奢求太多有關係，哈哈，可見好心態還是蠻重要的。
0,裝配工藝不太精良，門口的縫隙也挺大，外觀看著行，要是內部做得再認真點就好了
0,道道通的導航好爛啊、用過幾次老死機，
0,一開空調車的動力就不行了，這一點我很不滿意。。
0,動力，肯定是動力啦。不過慢就慢點，安全嘛
0,檔不好掛，死難掛，還不如夏利
0,胎噪大，不過這價位沒有什麼好說的。
0,動力、操控
0,隔音較差，走那種碎石路的時候，石子敲打底盤的聲音很明顯，下雨的時候車頂動靜也大，走在雨水里底盤的擊水聲明顯，總有種在划船的即視感
0,鹵素燈基本等於蠟燭燈，晚上跟對面的車會燈的時候簡直毫無威脅性，挺吃虧的，如果能換成氙氣的就太好了。
0,動力，太太太肉了！1.27噸車重啊！小毛病多，換擋咔咔咔響，導航超級坑爹，4000公里後換了離合器片，壓盤，中控屏幕……
0,偶爾在行車的過程中會感覺車內噪音大，實際上自己也分辨不出聲音來源……一般都是打開音樂掩蓋過去，隔音勉強湊合吧。
0,空間表現有點局促，懸掛偏硬，跑溝坎路段時，後排顛簸感強。
0,內飾塑料感強，而且有時候在行車的過程中能聽到異響，不知道是哪裡的問題
0,鈑金縫隙小是很好，可比較之下，內飾就顯得沒那麼精緻了！還有開車的過程中車門裡會有異響是什麼鬼？
0,動力，這是最不喜歡的，不開空調基本夠用，一開空調那叫一個肉啊……
0,動力方面感覺不算太爽，起步確實不快，換擋有頓挫感，換擋和起步一定要油離配合好才行，否側就會頓挫感。這方面如果是新手的話得稍微適應一段時間了，到後期這方面應該會好不少。
0,內飾，雖然粗糙點兒並不影響車子的使用，但是作為車主當然希望自己的車子更精緻一點了…
0,總體來看沒什麼不滿意地方，雖說在用料和做工上該提高提高，但看看車子價格，要求也不能太過苛刻。
0,車子的減震不是很好，經過減速帶的時候能感受明顯的顛簸
0,其實目前還沒有什麼特別不滿意的地方，如果一定要說一點的話，那就是新車的異味兒問題了，剛提車一兩天我都不敢讓孩子上車，整整晾了兩天這異味兒才消退個差不多。
0,車子提速很肉沒什麼力氣，車子左邊門有點異響，還有就是導航就是不怎麼會用！沒有cd功能讓我很遺憾！
0,目前為止也沒啥不滿意的，要非雞蛋里挑骨頭，咳咳！！就是新車異味有些大，不過哪些新車剛提回家的時候沒異味。
0,最不滿意的可能就是內飾了吧，做工確實是比較粗糙，摸著不舒服。
0,大屏經常死機
0,發動機噪音相對其他車要大點，可能是首保之前的關係，等等首保過後再看看吧
0,4s店服務意識真的很差勁，噪音大，縫隙大，工藝粗糙不注重細節！
0,油耗可能有點高了，不過相對動力來說，那只能用協調來講了
0,動力不行，倒車影像是壞的。
0,就是底盤有些低，小石子打在上面的聲音很明顯，4s店沒有送發動機護板，也沒有額外假裝底盤裝甲，這個不滿意，不關窗戶時輪胎超聲很大，關窗戶後相對較好。
0,暫時淪陷在新車的幸福之中，尚未感覺到哪裡不滿意，如果有的話內飾的硬塑料和那幾塊眾所詬病的織布算是最不滿意的吧。其次就是所謂的蠟燭燈，確實不夠亮。
0,方向盤不適應，感覺有點歪，不端正，這個有點扯把子
0,提速稍慢
0,離合器有些重，油門響應速度慢，開空調動力肉！
0,最不滿意的地方要數導航了，真是超難用還不能換別的導航
0,嘴不滿意的當然是動力了，雖然是1.5自吸的但是1擋半坡起步居然要到3000多轉才行。其它的都還行
0,引擎蓋兩邊突起
0,說到表現不好的地方應該是車子的內飾，材質偏硬，塑料感強，設計也不上檔次~
0,動力，隔音
0,車子的懸掛稍微的有點硬，減震效果還是需要改進下，另外就是這個價位的通病了，胎躁明顯~
0,暫時沒發現，本來就是代步車要求不能太高了吧？
0,動力小，開了空調更小機燥聲音有點大，現在有點習慣了，為什麼不把機艙隔音好好做一下？車頂隔音做一下四兒子店坑爹打算給我辦貸款找的擔保公司還不讓人告訴我
0,手剎好像作用不大，車里異響較多，
0,對於舒適性這塊，我感覺還是有待提高的，一個是中控屏可以做的更細膩，比如解決一下反光的問題，一個就是座椅的包裹性可以做的更柔軟一些，同時增加腰部和頸部的支撐設計。
0,前扶手箱真的太短了，手跟本放不到，熱天開空調紅綠起步12擋離合接觸點中間時穩離合時，離名共震有響聲，不知道車友們有同感嗎？
0,最不滿意的是車子的做工，內飾方面有點硬，動力也稍微肉了一些。
0,前駐車雷達有點雞肋，停車時行為車頭比較長，有時需要下車瞅瞅才有數，兩個雷達不偵探正前方老特麼偵探兩邊，而且位置還很高，小石敦子偵探不到。
0,動力加速偏弱，不過是高轉速機器，轉速起來的話還是666的，不過1.5的發動機配置這個車重，都是一樣的，無論合資還是國產，這個排量都一樣，1.5的科魯茲和這個都差不多，也不算什麼缺點。
0,油耗不是特別理想，不算是特別經濟實惠。
0,空間小了一點，不過還將就，畢竟滿載的情況還是少數，日常家用的話主要還是我跟媳婦上下班代步，後排基本就是放包，週六日外出購物的話合理放放還是足夠容納的。
0,動力，不是在高速上的話動力太肉確實是真的，國道上開個車想超前車一點底子都沒，試過幾次都沒辦法，不是超不過去，根本想提速提不了
0,就是感覺動力還有待改善，然後音響效果能再好一點就好了。
0,有些細節減免太多，遮陽板空空蕩蕩，座椅包裹性不太好，中配台容易產生划痕，後排沒有照明燈，其實這些東西成本真不高，但對日常使用及其重要，不該省
0,動力吧1.5的動力在城裡上坡還是有點軟車身1.4噸加上油也夠重了反正十萬的價格值了還有手動精英版連esp都不配真的有點說不過去了前雷達也沒有
0,噪音大，動力弱。車廂密封不嚴，洗了車第二天裡面就進一層土誒。
0,手動變速箱使用不舒服之前開的是老款的帕薩特，手動變速箱的吸入感比較好。d50的檔位還可以，就是沒有那種吸入感。檔位操控的時候總感覺少了什麼。
0,有點噪音，導航連接藍牙或手機互聯有雜音，油耗不知什麼時候能降下來
0,不滿意的只能說配置有點低、畢竟一分價錢一分貨嘛！畢竟價位在哪裡、不過能完全滿足我上下班代步和出門旅遊、我要求不高所以我覺得目前沒什麼不滿意的！
0,合資車，你讓我說不滿意，也就是配置了，鐵圈，沒有霧燈，最厲害的是後排車窗上方居然沒有扶手，我很想問一下本田哥瑞的設計師你們怎麼想的，很費解。
0,隔音效果跟麵包車一樣，胎噪音比麵包還大。無奸不商，無良奸商減配太多，開始沒注意，其實這個價位還有好多車可選，昕動愛麗捨福睿斯啓悅都比哥瑞性價比高幾條街車身輕，皮薄。
0,最不滿意的就是簡配太嚴重，手動擋沒有收音機，還整個天線寶寶，沒有遙控鑰匙，沒有擋泥板，沒有內襯……
0,手動配置太低了，我當時買車的時候只是看見展會上的車了，沒注意手動配置連收音機都沒有，輪轂竟然是鋼的，之前我都沒注意過這些地方，以為都一樣的，幸虧4s給我配的輪轂蓋，要不然真是太丟人了
0,我只能說這車的隔音不怎麼好，開車噪音大，離地距離不高，還有就是後面連內襯也沒，在有就是我買的手動擋，居然沒有遙控鑰匙，這些可真的太寒磣了。
